"OxidEsales\EshopCommunity\Application\Component\BasketComponent",_getRedirectUrl
"OxidEsales\EshopCommunity\Application\Component\BasketComponent",_getItems
"OxidEsales\EshopCommunity\Application\Component\BasketComponent",_addItems
"OxidEsales\EshopCommunity\Application\Component\BasketComponent",_setLastCall
"OxidEsales\EshopCommunity\Application\Component\BasketComponent",_setLastCallFnc
"OxidEsales\EshopCommunity\Application\Component\BasketComponent",_getLastCallFnc
"OxidEsales\EshopCommunity\Application\Component\CategoriesComponent",_getActCat
"OxidEsales\EshopCommunity\Application\Component\CategoriesComponent",_loadCategoryTree
"OxidEsales\EshopCommunity\Application\Component\CategoriesComponent",_loadManufacturerTree
"OxidEsales\EshopCommunity\Application\Component\CategoriesComponent",_addAdditionalParams
"OxidEsales\EshopCommunity\Application\Component\CategoriesComponent",_getDefaultParams
"OxidEsales\EshopCommunity\Application\Component\Locator",_setListLocatorData
"OxidEsales\EshopCommunity\Application\Component\Locator",_setVendorLocatorData
"OxidEsales\EshopCommunity\Application\Component\Locator",_setManufacturerLocatorData
"OxidEsales\EshopCommunity\Application\Component\Locator",_setSearchLocatorData
"OxidEsales\EshopCommunity\Application\Component\Locator",_loadIdsInList
"OxidEsales\EshopCommunity\Application\Component\Locator",_makeLink
"OxidEsales\EshopCommunity\Application\Component\Locator",_findActPageNumber
"OxidEsales\EshopCommunity\Application\Component\Locator",_getPageNumber
"OxidEsales\EshopCommunity\Application\Component\Locator",_getProductPos
"OxidEsales\EshopCommunity\Application\Component\UserComponent",_checkPsState
"OxidEsales\EshopCommunity\Application\Component\UserComponent",_loadSessionUser
"OxidEsales\EshopCommunity\Application\Component\UserComponent",_afterLogin
"OxidEsales\EshopCommunity\Application\Component\UserComponent",_afterLogout
"OxidEsales\EshopCommunity\Application\Component\UserComponent",_saveInvitor
"OxidEsales\EshopCommunity\Application\Component\UserComponent",_saveDeliveryAddressState
"OxidEsales\EshopCommunity\Application\Component\UserComponent",_getDelAddressData
"OxidEsales\EshopCommunity\Application\Component\UserComponent",_getLogoutLink
"OxidEsales\EshopCommunity\Application\Component\UtilsComponent",_toList
"OxidEsales\EshopCommunity\Application\Component\Widget\Actions",_getLoadActionsParam
"OxidEsales\EshopCommunity\Application\Component\Widget\ArticleBox",_addDynParamsToLink
"OxidEsales\EshopCommunity\Application\Component\Widget\ArticleBox",_getArticleById
"OxidEsales\EshopCommunity\Application\Component\Widget\ArticleDetails",_getParentProduct
"OxidEsales\EshopCommunity\Application\Component\Widget\ArticleDetails",_getAddUrlParams
"OxidEsales\EshopCommunity\Application\Component\Widget\ArticleDetails",_processProduct
"OxidEsales\EshopCommunity\Application\Component\Widget\ArticleDetails",_getSubject
"OxidEsales\EshopCommunity\Application\Component\Widget\ArticleDetails",_setSortingParameters
"OxidEsales\EshopCommunity\Application\Component\Widget\ArticleDetails",_additionalChecksForArticle
"OxidEsales\EshopCommunity\Application\Component\Widget\Information",_getContentList
"OxidEsales\EshopCommunity\Application\Component\Widget\WidgetController",_processRequest
"OxidEsales\EshopCommunity\Application\Controller\AccountController",_getLoginTemplate
"OxidEsales\EshopCommunity\Application\Controller\AccountDownloadsController",_prepareForTemplate
"OxidEsales\EshopCommunity\Application\Controller\Admin\ActionsArticleAjax",_getQuery
"OxidEsales\EshopCommunity\Application\Controller\Admin\ActionsArticleAjax",_addFilter
"OxidEsales\EshopCommunity\Application\Controller\Admin\ActionsGroupsAjax",_getQuery
"OxidEsales\EshopCommunity\Application\Controller\Admin\ActionsList",_prepareWhereQuery
"OxidEsales\EshopCommunity\Application\Controller\Admin\ActionsMainAjax",_getQuery
"OxidEsales\EshopCommunity\Application\Controller\Admin\ActionsMainAjax",_addFilter
"OxidEsales\EshopCommunity\Application\Controller\Admin\ActionsMainAjax",_getSorting
"OxidEsales\EshopCommunity\Application\Controller\Admin\ActionsMainAjax",_getOxRssFeed
"OxidEsales\EshopCommunity\Application\Controller\Admin\ActionsOrderAjax",_getQuery
"OxidEsales\EshopCommunity\Application\Controller\Admin\ActionsOrderAjax",_getSorting
"OxidEsales\EshopCommunity\Application\Controller\Admin\AdminController",_getEditShop
"OxidEsales\EshopCommunity\Application\Controller\Admin\AdminController",_getServiceProtocol
"OxidEsales\EshopCommunity\Application\Controller\Admin\AdminController",_setupNavigation
"OxidEsales\EshopCommunity\Application\Controller\Admin\AdminController",_addNavigationHistory
"OxidEsales\EshopCommunity\Application\Controller\Admin\AdminController",_getMaxUploadFileInfo
"OxidEsales\EshopCommunity\Application\Controller\Admin\AdminController",_resetContentCache
"OxidEsales\EshopCommunity\Application\Controller\Admin\AdminController",_allowAdminEdit
"OxidEsales\EshopCommunity\Application\Controller\Admin\AdminController",_getCountryByCode
"OxidEsales\EshopCommunity\Application\Controller\Admin\AdminController",_authorize
"OxidEsales\EshopCommunity\Application\Controller\Admin\AdminDetailsController",_getEditValue
"OxidEsales\EshopCommunity\Application\Controller\Admin\AdminDetailsController",_processEditValue
"OxidEsales\EshopCommunity\Application\Controller\Admin\AdminDetailsController",_createCategoryTree
"OxidEsales\EshopCommunity\Application\Controller\Admin\AdminDetailsController",_getCategoryTree
"OxidEsales\EshopCommunity\Application\Controller\Admin\AdminDetailsController",_setupNavigation
"OxidEsales\EshopCommunity\Application\Controller\Admin\AdminDetailsController",_resetCounts
"OxidEsales\EshopCommunity\Application\Controller\Admin\AdminListController",_getViewListSize
"OxidEsales\EshopCommunity\Application\Controller\Admin\AdminListController",_getUserDefListSize
"OxidEsales\EshopCommunity\Application\Controller\Admin\AdminListController",_calcListItemsCount
"OxidEsales\EshopCommunity\Application\Controller\Admin\AdminListController",_setCurrentListPosition
"OxidEsales\EshopCommunity\Application\Controller\Admin\AdminListController",_prepareOrderByQuery
"OxidEsales\EshopCommunity\Application\Controller\Admin\AdminListController",_buildSelectString
"OxidEsales\EshopCommunity\Application\Controller\Admin\AdminListController",_processFilter
"OxidEsales\EshopCommunity\Application\Controller\Admin\AdminListController",_buildFilter
"OxidEsales\EshopCommunity\Application\Controller\Admin\AdminListController",_isSearchValue
"OxidEsales\EshopCommunity\Application\Controller\Admin\AdminListController",_prepareWhereQuery
"OxidEsales\EshopCommunity\Application\Controller\Admin\AdminListController",_changeselect
"OxidEsales\EshopCommunity\Application\Controller\Admin\AdminListController",_convertToDBDate
"OxidEsales\EshopCommunity\Application\Controller\Admin\AdminListController",_convertDate
"OxidEsales\EshopCommunity\Application\Controller\Admin\AdminListController",_convertTime
"OxidEsales\EshopCommunity\Application\Controller\Admin\AdminListController",_setListNavigationParams
"OxidEsales\EshopCommunity\Application\Controller\Admin\AdminListController",_setupNavigation
"OxidEsales\EshopCommunity\Application\Controller\Admin\ArticleAccessoriesAjax",_getQuery
"OxidEsales\EshopCommunity\Application\Controller\Admin\ArticleAccessoriesAjax",_getSorting
"OxidEsales\EshopCommunity\Application\Controller\Admin\ArticleAttributeAjax",_getQuery
"OxidEsales\EshopCommunity\Application\Controller\Admin\ArticleBundleAjax",_getQuery
"OxidEsales\EshopCommunity\Application\Controller\Admin\ArticleBundleAjax",_addFilter
"OxidEsales\EshopCommunity\Application\Controller\Admin\ArticleCrosssellingAjax",_getQuery
"OxidEsales\EshopCommunity\Application\Controller\Admin\ArticleExtendAjax",_getQuery
"OxidEsales\EshopCommunity\Application\Controller\Admin\ArticleExtendAjax",_getDataFields
"OxidEsales\EshopCommunity\Application\Controller\Admin\ArticleExtendAjax",_updateOxTime
"OxidEsales\EshopCommunity\Application\Controller\Admin\ArticleFiles",_processOptions
"OxidEsales\EshopCommunity\Application\Controller\Admin\ArticleList",_buildSelectString
"OxidEsales\EshopCommunity\Application\Controller\Admin\ArticleMain",_getEditValue
"OxidEsales\EshopCommunity\Application\Controller\Admin\ArticleMain",_processLongDesc
"OxidEsales\EshopCommunity\Application\Controller\Admin\ArticleMain",_resetCategoriesCounter
"OxidEsales\EshopCommunity\Application\Controller\Admin\ArticleMain",_copyCategories
"OxidEsales\EshopCommunity\Application\Controller\Admin\ArticleMain",_copyAttributes
"OxidEsales\EshopCommunity\Application\Controller\Admin\ArticleMain",_copyFiles
"OxidEsales\EshopCommunity\Application\Controller\Admin\ArticleMain",_copySelectlists
"OxidEsales\EshopCommunity\Application\Controller\Admin\ArticleMain",_copyCrossseling
"OxidEsales\EshopCommunity\Application\Controller\Admin\ArticleMain",_copyAccessoires
"OxidEsales\EshopCommunity\Application\Controller\Admin\ArticleMain",_copyStaffelpreis
"OxidEsales\EshopCommunity\Application\Controller\Admin\ArticleMain",_copyArtExtends
"OxidEsales\EshopCommunity\Application\Controller\Admin\ArticleMain",_formJumpList
"OxidEsales\EshopCommunity\Application\Controller\Admin\ArticleMain",_getTitle
"OxidEsales\EshopCommunity\Application\Controller\Admin\ArticlePictures",_resetMasterPicture
"OxidEsales\EshopCommunity\Application\Controller\Admin\ArticlePictures",_deleteMainIcon
"OxidEsales\EshopCommunity\Application\Controller\Admin\ArticlePictures",_deleteThumbnail
"OxidEsales\EshopCommunity\Application\Controller\Admin\ArticlePictures",_cleanupCustomFields
"OxidEsales\EshopCommunity\Application\Controller\Admin\ArticleReview",_getReviewList
"OxidEsales\EshopCommunity\Application\Controller\Admin\ArticleSelectionAjax",_getQuery
"OxidEsales\EshopCommunity\Application\Controller\Admin\ArticleSeo",_getCategoryList
"OxidEsales\EshopCommunity\Application\Controller\Admin\ArticleSeo",_getVendorList
"OxidEsales\EshopCommunity\Application\Controller\Admin\ArticleSeo",_getManufacturerList
"OxidEsales\EshopCommunity\Application\Controller\Admin\ArticleSeo",_getAltSeoEntryId
"OxidEsales\EshopCommunity\Application\Controller\Admin\ArticleSeo",_getType
"OxidEsales\EshopCommunity\Application\Controller\Admin\ArticleSeo",_getEncoder
"OxidEsales\EshopCommunity\Application\Controller\Admin\ArticleVariant",_isAnythingChanged
"OxidEsales\EshopCommunity\Application\Controller\Admin\ArticleVariant",_getProductParent
"OxidEsales\EshopCommunity\Application\Controller\Admin\AttributeCategoryAjax",_getQuery
"OxidEsales\EshopCommunity\Application\Controller\Admin\AttributeMainAjax",_getQuery
"OxidEsales\EshopCommunity\Application\Controller\Admin\AttributeMainAjax",_addFilter
"OxidEsales\EshopCommunity\Application\Controller\Admin\AttributeOrderAjax",_getQuery
"OxidEsales\EshopCommunity\Application\Controller\Admin\AttributeOrderAjax",_getSorting
"OxidEsales\EshopCommunity\Application\Controller\Admin\CategoryMain",_processLongDesc
"OxidEsales\EshopCommunity\Application\Controller\Admin\CategoryMain",_deleteCatPicture
"OxidEsales\EshopCommunity\Application\Controller\Admin\CategoryMain",_parseRequestParametersForSave
"OxidEsales\EshopCommunity\Application\Controller\Admin\CategoryMainAjax",_getQuery
"OxidEsales\EshopCommunity\Application\Controller\Admin\CategoryMainAjax",_addFilter
"OxidEsales\EshopCommunity\Application\Controller\Admin\CategoryMainAjax",_updateOxTime
"OxidEsales\EshopCommunity\Application\Controller\Admin\CategoryOrderAjax",_getQuery
"OxidEsales\EshopCommunity\Application\Controller\Admin\CategoryOrderAjax",_getSorting
"OxidEsales\EshopCommunity\Application\Controller\Admin\CategorySeo",_getEncoder
"OxidEsales\EshopCommunity\Application\Controller\Admin\CategorySeo",_getType
"OxidEsales\EshopCommunity\Application\Controller\Admin\CategoryUpdate",_getCategoryList
"OxidEsales\EshopCommunity\Application\Controller\Admin\ContentList",_prepareWhereQuery
"OxidEsales\EshopCommunity\Application\Controller\Admin\ContentMain",_prepareIdent
"OxidEsales\EshopCommunity\Application\Controller\Admin\ContentMain",_checkIdent
"OxidEsales\EshopCommunity\Application\Controller\Admin\ContentSeo",_getType
"OxidEsales\EshopCommunity\Application\Controller\Admin\ContentSeo",_getEncoder
"OxidEsales\EshopCommunity\Application\Controller\Admin\CountryList",_getSecondSortFieldName
"OxidEsales\EshopCommunity\Application\Controller\Admin\DeliveryArticlesAjax",_getQuery
"OxidEsales\EshopCommunity\Application\Controller\Admin\DeliveryCategoriesAjax",_getQuery
"OxidEsales\EshopCommunity\Application\Controller\Admin\DeliveryGroupsAjax",_getQuery
"OxidEsales\EshopCommunity\Application\Controller\Admin\DeliveryMainAjax",_getQuery
"OxidEsales\EshopCommunity\Application\Controller\Admin\DeliverySetCountryAjax",_getQuery
"OxidEsales\EshopCommunity\Application\Controller\Admin\DeliverySetGroupsAjax",_getQuery
"OxidEsales\EshopCommunity\Application\Controller\Admin\DeliverySetMainAjax",_getQuery
"OxidEsales\EshopCommunity\Application\Controller\Admin\DeliverySetPaymentAjax",_getQuery
"OxidEsales\EshopCommunity\Application\Controller\Admin\DeliverySetUsersAjax",_getQuery
"OxidEsales\EshopCommunity\Application\Controller\Admin\DeliveryUsersAjax",_getQuery
"OxidEsales\EshopCommunity\Application\Controller\Admin\DiagnosticsMain",_hasError
"OxidEsales\EshopCommunity\Application\Controller\Admin\DiagnosticsMain",_getErrorMessage
"OxidEsales\EshopCommunity\Application\Controller\Admin\DiagnosticsMain",_runBasicDiagnostics
"OxidEsales\EshopCommunity\Application\Controller\Admin\DiscountArticlesAjax",_getQuery
"OxidEsales\EshopCommunity\Application\Controller\Admin\DiscountCategoriesAjax",_getQuery
"OxidEsales\EshopCommunity\Application\Controller\Admin\DiscountGroupsAjax",_getQuery
"OxidEsales\EshopCommunity\Application\Controller\Admin\DiscountItemAjax",_getQuery
"OxidEsales\EshopCommunity\Application\Controller\Admin\DiscountItemAjax",_getQueryCols
"OxidEsales\EshopCommunity\Application\Controller\Admin\DiscountMainAjax",_getQuery
"OxidEsales\EshopCommunity\Application\Controller\Admin\DiscountUsersAjax",_getQuery
"OxidEsales\EshopCommunity\Application\Controller\Admin\DynamicExportBaseController",_unHtmlEntities
"OxidEsales\EshopCommunity\Application\Controller\Admin\DynamicExportBaseController",_getHeapTableName
"OxidEsales\EshopCommunity\Application\Controller\Admin\DynamicExportBaseController",_generateTableCharSet
"OxidEsales\EshopCommunity\Application\Controller\Admin\DynamicExportBaseController",_createHeapTable
"OxidEsales\EshopCommunity\Application\Controller\Admin\DynamicExportBaseController",_getCatAdd
"OxidEsales\EshopCommunity\Application\Controller\Admin\DynamicExportBaseController",_insertArticles
"OxidEsales\EshopCommunity\Application\Controller\Admin\DynamicExportBaseController",_removeParentArticles
"OxidEsales\EshopCommunity\Application\Controller\Admin\DynamicExportBaseController",_setSessionParams
"OxidEsales\EshopCommunity\Application\Controller\Admin\DynamicExportBaseController",_loadRootCats
"OxidEsales\EshopCommunity\Application\Controller\Admin\DynamicExportBaseController",_findDeepestCatPath
"OxidEsales\EshopCommunity\Application\Controller\Admin\DynamicExportBaseController",_initArticle
"OxidEsales\EshopCommunity\Application\Controller\Admin\DynamicExportBaseController",_setCampaignDetailLink
"OxidEsales\EshopCommunity\Application\Controller\Admin\GenericImportMain",_deleteCsvFile
"OxidEsales\EshopCommunity\Application\Controller\Admin\GenericImportMain",_getCsvFieldsNames
"OxidEsales\EshopCommunity\Application\Controller\Admin\GenericImportMain",_getCsvFirstRow
"OxidEsales\EshopCommunity\Application\Controller\Admin\GenericImportMain",_resetUploadedCsvData
"OxidEsales\EshopCommunity\Application\Controller\Admin\GenericImportMain",_checkErrors
"OxidEsales\EshopCommunity\Application\Controller\Admin\GenericImportMain",_getUploadedCsvFilePath
"OxidEsales\EshopCommunity\Application\Controller\Admin\GenericImportMain",_checkImportErrors
"OxidEsales\EshopCommunity\Application\Controller\Admin\GenericImportMain",_getCsvFieldsTerminator
"OxidEsales\EshopCommunity\Application\Controller\Admin\GenericImportMain",_getCsvFieldsEncolser
"OxidEsales\EshopCommunity\Application\Controller\Admin\LanguageList",_getLanguagesList
"OxidEsales\EshopCommunity\Application\Controller\Admin\LanguageList",_sortLanguagesCallback
"OxidEsales\EshopCommunity\Application\Controller\Admin\LanguageList",_resetMultiLangDbFields
"OxidEsales\EshopCommunity\Application\Controller\Admin\LanguageMain",_getLanguageInfo
"OxidEsales\EshopCommunity\Application\Controller\Admin\LanguageMain",_setLanguages
"OxidEsales\EshopCommunity\Application\Controller\Admin\LanguageMain",_getLanguages
"OxidEsales\EshopCommunity\Application\Controller\Admin\LanguageMain",_updateAbbervation
"OxidEsales\EshopCommunity\Application\Controller\Admin\LanguageMain",_sortLangArraysByBaseId
"OxidEsales\EshopCommunity\Application\Controller\Admin\LanguageMain",_assignDefaultLangParams
"OxidEsales\EshopCommunity\Application\Controller\Admin\LanguageMain",_setDefaultLang
"OxidEsales\EshopCommunity\Application\Controller\Admin\LanguageMain",_getAvailableLangBaseId
"OxidEsales\EshopCommunity\Application\Controller\Admin\LanguageMain",_checkLangTranslations
"OxidEsales\EshopCommunity\Application\Controller\Admin\LanguageMain",_checkMultilangFieldsExistsInDb
"OxidEsales\EshopCommunity\Application\Controller\Admin\LanguageMain",_addNewMultilangFieldsToDb
"OxidEsales\EshopCommunity\Application\Controller\Admin\LanguageMain",_checkLangExists
"OxidEsales\EshopCommunity\Application\Controller\Admin\LanguageMain",_sortLangParamsByBaseIdCallback
"OxidEsales\EshopCommunity\Application\Controller\Admin\LanguageMain",_validateInput
"OxidEsales\EshopCommunity\Application\Controller\Admin\ListComponentAjax",_getActionIds
"OxidEsales\EshopCommunity\Application\Controller\Admin\ListComponentAjax",_getQuery
"OxidEsales\EshopCommunity\Application\Controller\Admin\ListComponentAjax",_getDataQuery
"OxidEsales\EshopCommunity\Application\Controller\Admin\ListComponentAjax",_getCountQuery
"OxidEsales\EshopCommunity\Application\Controller\Admin\ListComponentAjax",_getSortCol
"OxidEsales\EshopCommunity\Application\Controller\Admin\ListComponentAjax",_getColNames
"OxidEsales\EshopCommunity\Application\Controller\Admin\ListComponentAjax",_getIdentColNames
"OxidEsales\EshopCommunity\Application\Controller\Admin\ListComponentAjax",_getVisibleColNames
"OxidEsales\EshopCommunity\Application\Controller\Admin\ListComponentAjax",_getQueryCols
"OxidEsales\EshopCommunity\Application\Controller\Admin\ListComponentAjax",_buildColsQuery
"OxidEsales\EshopCommunity\Application\Controller\Admin\ListComponentAjax",_isExtendedColumn
"OxidEsales\EshopCommunity\Application\Controller\Admin\ListComponentAjax",_getExtendedColQuery
"OxidEsales\EshopCommunity\Application\Controller\Admin\ListComponentAjax",_getSorting
"OxidEsales\EshopCommunity\Application\Controller\Admin\ListComponentAjax",_getLimit
"OxidEsales\EshopCommunity\Application\Controller\Admin\ListComponentAjax",_getFilter
"OxidEsales\EshopCommunity\Application\Controller\Admin\ListComponentAjax",_addFilter
"OxidEsales\EshopCommunity\Application\Controller\Admin\ListComponentAjax",_getAll
"OxidEsales\EshopCommunity\Application\Controller\Admin\ListComponentAjax",_getSortDir
"OxidEsales\EshopCommunity\Application\Controller\Admin\ListComponentAjax",_getStartIndex
"OxidEsales\EshopCommunity\Application\Controller\Admin\ListComponentAjax",_getTotalCount
"OxidEsales\EshopCommunity\Application\Controller\Admin\ListComponentAjax",_getDataFields
"OxidEsales\EshopCommunity\Application\Controller\Admin\ListComponentAjax",_outputResponse
"OxidEsales\EshopCommunity\Application\Controller\Admin\ListComponentAjax",_output
"OxidEsales\EshopCommunity\Application\Controller\Admin\ListComponentAjax",_getViewName
"OxidEsales\EshopCommunity\Application\Controller\Admin\ListComponentAjax",_getData
"OxidEsales\EshopCommunity\Application\Controller\Admin\ListComponentAjax",_resetContentCache
"OxidEsales\EshopCommunity\Application\Controller\Admin\ListComponentAjax",_resetCaches
"OxidEsales\EshopCommunity\Application\Controller\Admin\ListReview",_getViewListSize
"OxidEsales\EshopCommunity\Application\Controller\Admin\ListReview",_buildSelectString
"OxidEsales\EshopCommunity\Application\Controller\Admin\ListReview",_prepareWhereQuery
"OxidEsales\EshopCommunity\Application\Controller\Admin\ListUser",_getViewListSize
"OxidEsales\EshopCommunity\Application\Controller\Admin\LoginController",_authorize
"OxidEsales\EshopCommunity\Application\Controller\Admin\LoginController",_getAvailableLanguages
"OxidEsales\EshopCommunity\Application\Controller\Admin\LoginController",_getBrowserLanguage
"OxidEsales\EshopCommunity\Application\Controller\Admin\ManufacturerMainAjax",_getQuery
"OxidEsales\EshopCommunity\Application\Controller\Admin\ManufacturerMainAjax",_addFilter
"OxidEsales\EshopCommunity\Application\Controller\Admin\ManufacturerSeo",_getEncoder
"OxidEsales\EshopCommunity\Application\Controller\Admin\ManufacturerSeo",_getType
"OxidEsales\EshopCommunity\Application\Controller\Admin\NavigationController",_doStartUpChecks
"OxidEsales\EshopCommunity\Application\Controller\Admin\NavigationController",_checkVersion
"OxidEsales\EshopCommunity\Application\Controller\Admin\NavigationTree",_cleanEmptyParents
"OxidEsales\EshopCommunity\Application\Controller\Admin\NavigationTree",_addLinks
"OxidEsales\EshopCommunity\Application\Controller\Admin\NavigationTree",_loadFromFile
"OxidEsales\EshopCommunity\Application\Controller\Admin\NavigationTree",_sessionizeLocalUrls
"OxidEsales\EshopCommunity\Application\Controller\Admin\NavigationTree",_checkRights
"OxidEsales\EshopCommunity\Application\Controller\Admin\NavigationTree",_checkGroups
"OxidEsales\EshopCommunity\Application\Controller\Admin\NavigationTree",_checkDemoShopDenials
"OxidEsales\EshopCommunity\Application\Controller\Admin\NavigationTree",_copyAttributes
"OxidEsales\EshopCommunity\Application\Controller\Admin\NavigationTree",_mergeNodes
"OxidEsales\EshopCommunity\Application\Controller\Admin\NavigationTree",_merge
"OxidEsales\EshopCommunity\Application\Controller\Admin\NavigationTree",_getMenuFiles
"OxidEsales\EshopCommunity\Application\Controller\Admin\NavigationTree",_processCachedFile
"OxidEsales\EshopCommunity\Application\Controller\Admin\NavigationTree",_getInitialDom
"OxidEsales\EshopCommunity\Application\Controller\Admin\NavigationTree",_getAdminUrl
"OxidEsales\EshopCommunity\Application\Controller\Admin\NavigationTree",_hasRights
"OxidEsales\EshopCommunity\Application\Controller\Admin\NavigationTree",_hasGroup
"OxidEsales\EshopCommunity\Application\Controller\Admin\ObjectSeo",_getAdditionalParams
"OxidEsales\EshopCommunity\Application\Controller\Admin\ObjectSeo",_getSaveObjectId
"OxidEsales\EshopCommunity\Application\Controller\Admin\ObjectSeo",_getType
"OxidEsales\EshopCommunity\Application\Controller\Admin\ObjectSeo",_getStdUrl
"OxidEsales\EshopCommunity\Application\Controller\Admin\ObjectSeo",_getAltSeoEntryId
"OxidEsales\EshopCommunity\Application\Controller\Admin\ObjectSeo",_getSeoEntryType
"OxidEsales\EshopCommunity\Application\Controller\Admin\ObjectSeo",_getEncoder
"OxidEsales\EshopCommunity\Application\Controller\Admin\OrderAddress",_processAddress
"OxidEsales\EshopCommunity\Application\Controller\Admin\OrderList",_prepareWhereQuery
"OxidEsales\EshopCommunity\Application\Controller\Admin\OrderList",_buildSelectString
"OxidEsales\EshopCommunity\Application\Controller\Admin\OrderOverview",_getPaymentType
"OxidEsales\EshopCommunity\Application\Controller\Admin\PaymentCountryAjax",_getQuery
"OxidEsales\EshopCommunity\Application\Controller\Admin\PaymentMainAjax",_getQuery
"OxidEsales\EshopCommunity\Application\Controller\Admin\PriceAlarmList",_buildSelectString
"OxidEsales\EshopCommunity\Application\Controller\Admin\PriceAlarmSend",_setupNavigation
"OxidEsales\EshopCommunity\Application\Controller\Admin\SelectListMain",_rearrangeFields
"OxidEsales\EshopCommunity\Application\Controller\Admin\SelectListMainAjax",_getQuery
"OxidEsales\EshopCommunity\Application\Controller\Admin\SelectListOrderAjax",_getQuery
"OxidEsales\EshopCommunity\Application\Controller\Admin\SelectListOrderAjax",_getSorting
"OxidEsales\EshopCommunity\Application\Controller\Admin\ShopConfiguration",_getModuleForConfigVars
"OxidEsales\EshopCommunity\Application\Controller\Admin\ShopConfiguration",_parseConstraint
"OxidEsales\EshopCommunity\Application\Controller\Admin\ShopConfiguration",_serializeConstraint
"OxidEsales\EshopCommunity\Application\Controller\Admin\ShopConfiguration",_unserializeConfVar
"OxidEsales\EshopCommunity\Application\Controller\Admin\ShopConfiguration",_serializeConfVar
"OxidEsales\EshopCommunity\Application\Controller\Admin\ShopConfiguration",_arrayToMultiline
"OxidEsales\EshopCommunity\Application\Controller\Admin\ShopConfiguration",_multilineToArray
"OxidEsales\EshopCommunity\Application\Controller\Admin\ShopConfiguration",_aarrayToMultiline
"OxidEsales\EshopCommunity\Application\Controller\Admin\ShopConfiguration",_multilineToAarray
"OxidEsales\EshopCommunity\Application\Controller\Admin\ShopDefaultCategoryAjax",_getQuery
"OxidEsales\EshopCommunity\Application\Controller\Admin\ShopLicense",_canUpdate
"OxidEsales\EshopCommunity\Application\Controller\Admin\ShopLicense",_fetchCurVersionInfo
"OxidEsales\EshopCommunity\Application\Controller\Admin\ShopMain",_getNonCopyConfigVars
"OxidEsales\EshopCommunity\Application\Controller\Admin\ShopMain",_copyConfigVars
"OxidEsales\EshopCommunity\Application\Controller\Admin\ShopSeo",_loadActiveUrl
"OxidEsales\EshopCommunity\Application\Controller\Admin\ShopSeo",_processUrls
"OxidEsales\EshopCommunity\Application\Controller\Admin\ShopSeo",_cleanupUrl
"OxidEsales\EshopCommunity\Application\Controller\Admin\ThemeConfiguration",_getModuleForConfigVars
"OxidEsales\EshopCommunity\Application\Controller\Admin\ToolsList",_processFiles
"OxidEsales\EshopCommunity\Application\Controller\Admin\ToolsList",_prepareSQL
"OxidEsales\EshopCommunity\Application\Controller\Admin\UserGroupMainAjax",_getQuery
"OxidEsales\EshopCommunity\Application\Controller\Admin\UserList",_prepareWhereQuery
"OxidEsales\EshopCommunity\Application\Controller\Admin\UserMainAjax",_getQuery
"OxidEsales\EshopCommunity\Application\Controller\Admin\VendorMainAjax",_getQuery
"OxidEsales\EshopCommunity\Application\Controller\Admin\VendorMainAjax",_addFilter
"OxidEsales\EshopCommunity\Application\Controller\Admin\VendorSeo",_getEncoder
"OxidEsales\EshopCommunity\Application\Controller\Admin\VendorSeo",_getType
"OxidEsales\EshopCommunity\Application\Controller\Admin\VoucherSerieExport",_getExportFileName
"OxidEsales\EshopCommunity\Application\Controller\Admin\VoucherSerieExport",_getExportFilePath
"OxidEsales\EshopCommunity\Application\Controller\Admin\VoucherSerieGroupsAjax",_getQuery
"OxidEsales\EshopCommunity\Application\Controller\Admin\VoucherSerieMain",_getVoucherSerie
"OxidEsales\EshopCommunity\Application\Controller\ArticleDetailsController",_getParentProduct
"OxidEsales\EshopCommunity\Application\Controller\ArticleDetailsController",_getAddUrlParams
"OxidEsales\EshopCommunity\Application\Controller\ArticleDetailsController",_processProduct
"OxidEsales\EshopCommunity\Application\Controller\ArticleDetailsController",_prepareMetaDescription
"OxidEsales\EshopCommunity\Application\Controller\ArticleDetailsController",_prepareMetaKeyword
"OxidEsales\EshopCommunity\Application\Controller\ArticleDetailsController",_getSeoObjectId
"OxidEsales\EshopCommunity\Application\Controller\ArticleDetailsController",_additionalChecksForArticle
"OxidEsales\EshopCommunity\Application\Controller\ArticleDetailsController",_getSubject
"OxidEsales\EshopCommunity\Application\Controller\ArticleDetailsController",_getVendorBreadCrumb
"OxidEsales\EshopCommunity\Application\Controller\ArticleDetailsController",_getSearchBreadCrumb
"OxidEsales\EshopCommunity\Application\Controller\ArticleDetailsController",_getCategoryBreadCrumb
"OxidEsales\EshopCommunity\Application\Controller\ArticleListController",_checkRequestedPage
"OxidEsales\EshopCommunity\Application\Controller\ArticleListController",_processListArticles
"OxidEsales\EshopCommunity\Application\Controller\ArticleListController",_getProductLinkType
"OxidEsales\EshopCommunity\Application\Controller\ArticleListController",_loadArticles
"OxidEsales\EshopCommunity\Application\Controller\ArticleListController",_getRequestPageNr
"OxidEsales\EshopCommunity\Application\Controller\ArticleListController",_getListDisplayType
"OxidEsales\EshopCommunity\Application\Controller\ArticleListController",_getSeoObjectId
"OxidEsales\EshopCommunity\Application\Controller\ArticleListController",_getCatPathString
"OxidEsales\EshopCommunity\Application\Controller\ArticleListController",_prepareMetaDescription
"OxidEsales\EshopCommunity\Application\Controller\ArticleListController",_collectMetaDescription
"OxidEsales\EshopCommunity\Application\Controller\ArticleListController",_prepareMetaKeyword
"OxidEsales\EshopCommunity\Application\Controller\ArticleListController",_collectMetaKeyword
"OxidEsales\EshopCommunity\Application\Controller\ArticleListController",_addPageNrParam
"OxidEsales\EshopCommunity\Application\Controller\ArticleListController",_isActCategory
"OxidEsales\EshopCommunity\Application\Controller\ArticleListController",_getSubject
"OxidEsales\EshopCommunity\Application\Controller\BasketController",_setWrappingInfo
"OxidEsales\EshopCommunity\Application\Controller\ClearCookiesController",_removeCookies
"OxidEsales\EshopCommunity\Application\Controller\CompareController",_setArticlesPerPage
"OxidEsales\EshopCommunity\Application\Controller\CompareController",_removeArticlesFromPage
"OxidEsales\EshopCommunity\Application\Controller\CompareController",_changeArtListOrder
"OxidEsales\EshopCommunity\Application\Controller\ContentController",_canShowContent
"OxidEsales\EshopCommunity\Application\Controller\ContentController",_prepareMetaDescription
"OxidEsales\EshopCommunity\Application\Controller\ContentController",_prepareMetaKeyword
"OxidEsales\EshopCommunity\Application\Controller\ContentController",_getSeoObjectId
"OxidEsales\EshopCommunity\Application\Controller\ContentController",_getSubject
"OxidEsales\EshopCommunity\Application\Controller\ContentController",_getTplName
"OxidEsales\EshopCommunity\Application\Controller\CreditsController",_getSeoObjectId
"OxidEsales\EshopCommunity\Application\Controller\ExceptionErrorController",_getErrors
"OxidEsales\EshopCommunity\Application\Controller\FrontendController",_getComponentNames
"OxidEsales\EshopCommunity\Application\Controller\FrontendController",_processRequest
"OxidEsales\EshopCommunity\Application\Controller\FrontendController",_getMetaFromSeo
"OxidEsales\EshopCommunity\Application\Controller\FrontendController",_getMetaFromContent
"OxidEsales\EshopCommunity\Application\Controller\FrontendController",_forceNoIndex
"OxidEsales\EshopCommunity\Application\Controller\FrontendController",_setNrOfArtPerPage
"OxidEsales\EshopCommunity\Application\Controller\FrontendController",_getSeoObjectId
"OxidEsales\EshopCommunity\Application\Controller\FrontendController",_prepareMetaDescription
"OxidEsales\EshopCommunity\Application\Controller\FrontendController",_prepareMetaKeyword
"OxidEsales\EshopCommunity\Application\Controller\FrontendController",_removeDuplicatedWords
"OxidEsales\EshopCommunity\Application\Controller\FrontendController",_getSubject
"OxidEsales\EshopCommunity\Application\Controller\FrontendController",_getRequestParams
"OxidEsales\EshopCommunity\Application\Controller\FrontendController",_getSeoRequestParams
"OxidEsales\EshopCommunity\Application\Controller\FrontendController",_addPageNrParam
"OxidEsales\EshopCommunity\Application\Controller\FrontendController",_canRedirect
"OxidEsales\EshopCommunity\Application\Controller\ManufacturerListController",_getProductLinkType
"OxidEsales\EshopCommunity\Application\Controller\ManufacturerListController",_loadArticles
"OxidEsales\EshopCommunity\Application\Controller\ManufacturerListController",_getSeoObjectId
"OxidEsales\EshopCommunity\Application\Controller\ManufacturerListController",_addPageNrParam
"OxidEsales\EshopCommunity\Application\Controller\ManufacturerListController",_prepareMetaKeyword
"OxidEsales\EshopCommunity\Application\Controller\ManufacturerListController",_prepareMetaDescription
"OxidEsales\EshopCommunity\Application\Controller\ManufacturerListController",_getSubject
"OxidEsales\EshopCommunity\Application\Controller\OrderController",_getNextStep
"OxidEsales\EshopCommunity\Application\Controller\OrderController",_validateTermsAndConditions
"OxidEsales\EshopCommunity\Application\Controller\OxidStartController",_getSystemEventHandler
"OxidEsales\EshopCommunity\Application\Controller\PaymentController",_setDefaultEmptyPayment
"OxidEsales\EshopCommunity\Application\Controller\PaymentController",_unsetPaymentErrors
"OxidEsales\EshopCommunity\Application\Controller\PaymentController",_setValues
"OxidEsales\EshopCommunity\Application\Controller\PaymentController",_assignDebitNoteParams
"OxidEsales\EshopCommunity\Application\Controller\PaymentController",_checkArrValuesEmpty
"OxidEsales\EshopCommunity\Application\Controller\PriceAlarmController",_getParams
"OxidEsales\EshopCommunity\Application\Controller\RecommListController",_getProductLinkType
"OxidEsales\EshopCommunity\Application\Controller\RecommListController",_addPageNrParam
"OxidEsales\EshopCommunity\Application\Controller\ReviewController",_getActiveObject
"OxidEsales\EshopCommunity\Application\Controller\ReviewController",_getActiveType
"OxidEsales\EshopCommunity\Application\Controller\RssController",_getRssFeed
"OxidEsales\EshopCommunity\Application\Controller\RssController",_processOutput
"OxidEsales\EshopCommunity\Application\Controller\SearchController",_processListArticles
"OxidEsales\EshopCommunity\Application\Controller\SearchController",_isSearchClass
"OxidEsales\EshopCommunity\Application\Controller\SearchController",_canRedirect
"OxidEsales\EshopCommunity\Application\Controller\StartController",_prepareMetaDescription
"OxidEsales\EshopCommunity\Application\Controller\StartController",_prepareMetaKeyword
"OxidEsales\EshopCommunity\Application\Controller\StartController",_getLoadActionsParam
"OxidEsales\EshopCommunity\Application\Controller\VendorListController",_getProductLinkType
"OxidEsales\EshopCommunity\Application\Controller\VendorListController",_loadArticles
"OxidEsales\EshopCommunity\Application\Controller\VendorListController",_getSeoObjectId
"OxidEsales\EshopCommunity\Application\Controller\VendorListController",_addPageNrParam
"OxidEsales\EshopCommunity\Application\Controller\VendorListController",_getVendorId
"OxidEsales\EshopCommunity\Application\Controller\VendorListController",_prepareMetaKeyword
"OxidEsales\EshopCommunity\Application\Controller\VendorListController",_prepareMetaDescription
"OxidEsales\EshopCommunity\Application\Controller\VendorListController",_getSubject
"OxidEsales\EshopCommunity\Application\Model\ActionList",_getUserGroupFilter
"OxidEsales\EshopCommunity\Application\Model\Address",_getStateObject
"OxidEsales\EshopCommunity\Application\Model\Address",_getMergedAddressFields
"OxidEsales\EshopCommunity\Application\Model\AmountPriceList",_loadFromDb
"OxidEsales\EshopCommunity\Application\Model\Article",_createSqlActiveSnippet
"OxidEsales\EshopCommunity\Application\Model\Article",_calculateVarMinPrice
"OxidEsales\EshopCommunity\Application\Model\Article",_prepareModifiedPrice
"OxidEsales\EshopCommunity\Application\Model\Article",_setShopValues
"OxidEsales\EshopCommunity\Application\Model\Article",_loadData
"OxidEsales\EshopCommunity\Application\Model\Article",_createMultilanguageVendorObject
"OxidEsales\EshopCommunity\Application\Model\Article",_getModifiedAmountPrice
"OxidEsales\EshopCommunity\Application\Model\Article",_loadVariantList
"OxidEsales\EshopCommunity\Application\Model\Article",_selectCategoryIds
"OxidEsales\EshopCommunity\Application\Model\Article",_getCategoryIdsSelect
"OxidEsales\EshopCommunity\Application\Model\Article",_getActiveCategorySelectSnippet
"OxidEsales\EshopCommunity\Application\Model\Article",_calculatePrice
"OxidEsales\EshopCommunity\Application\Model\Article",_hasAnyVariant
"OxidEsales\EshopCommunity\Application\Model\Article",_isStockStatusChanged
"OxidEsales\EshopCommunity\Application\Model\Article",_isVisibilityChanged
"OxidEsales\EshopCommunity\Application\Model\Article",_saveArtLongDesc
"OxidEsales\EshopCommunity\Application\Model\Article",_skipSaveFields
"OxidEsales\EshopCommunity\Application\Model\Article",_mergeDiscounts
"OxidEsales\EshopCommunity\Application\Model\Article",_getGroupPrice
"OxidEsales\EshopCommunity\Application\Model\Article",_getAmountPrice
"OxidEsales\EshopCommunity\Application\Model\Article",_modifySelectListPrice
"OxidEsales\EshopCommunity\Application\Model\Article",_fillAmountPriceList
"OxidEsales\EshopCommunity\Application\Model\Article",_applyVAT
"OxidEsales\EshopCommunity\Application\Model\Article",_applyCurrency
"OxidEsales\EshopCommunity\Application\Model\Article",_getAttribsString
"OxidEsales\EshopCommunity\Application\Model\Article",_getSimList
"OxidEsales\EshopCommunity\Application\Model\Article",_generateSimListSearchStr
"OxidEsales\EshopCommunity\Application\Model\Article",_generateSearchStr
"OxidEsales\EshopCommunity\Application\Model\Article",_generateSearchStrForCustomerBought
"OxidEsales\EshopCommunity\Application\Model\Article",_generateSelectCatStr
"OxidEsales\EshopCommunity\Application\Model\Article",_isFieldEmpty
"OxidEsales\EshopCommunity\Application\Model\Article",_assignParentFieldValue
"OxidEsales\EshopCommunity\Application\Model\Article",_isImageField
"OxidEsales\EshopCommunity\Application\Model\Article",_assignParentFieldValues
"OxidEsales\EshopCommunity\Application\Model\Article",_assignNotBuyableParent
"OxidEsales\EshopCommunity\Application\Model\Article",_assignStock
"OxidEsales\EshopCommunity\Application\Model\Article",_assignDynImageDir
"OxidEsales\EshopCommunity\Application\Model\Article",_assignComparisonListFlag
"OxidEsales\EshopCommunity\Application\Model\Article",_insert
"OxidEsales\EshopCommunity\Application\Model\Article",_update
"OxidEsales\EshopCommunity\Application\Model\Article",_deleteRecords
"OxidEsales\EshopCommunity\Application\Model\Article",_deleteVariantRecords
"OxidEsales\EshopCommunity\Application\Model\Article",_deletePics
"OxidEsales\EshopCommunity\Application\Model\Article",_onChangeResetCounts
"OxidEsales\EshopCommunity\Application\Model\Article",_onChangeUpdateStock
"OxidEsales\EshopCommunity\Application\Model\Article",_onChangeStockResetCount
"OxidEsales\EshopCommunity\Application\Model\Article",_onChangeUpdateVarCount
"OxidEsales\EshopCommunity\Application\Model\Article",_setVarMinMaxPrice
"OxidEsales\EshopCommunity\Application\Model\Article",_hasMasterImage
"OxidEsales\EshopCommunity\Application\Model\Article",_isPriceViewModeNetto
"OxidEsales\EshopCommunity\Application\Model\Article",_getPriceObject
"OxidEsales\EshopCommunity\Application\Model\Article",_getPriceForView
"OxidEsales\EshopCommunity\Application\Model\Article",_preparePrice
"OxidEsales\EshopCommunity\Application\Model\Article",_getUserPriceSufix
"OxidEsales\EshopCommunity\Application\Model\Article",_getPrice
"OxidEsales\EshopCommunity\Application\Model\Article",_getVarMinPrice
"OxidEsales\EshopCommunity\Application\Model\Article",_getVarMaxPrice
"OxidEsales\EshopCommunity\Application\Model\Article",_getShopVarMinPrice
"OxidEsales\EshopCommunity\Application\Model\Article",_getShopVarMaxPrice
"OxidEsales\EshopCommunity\Application\Model\Article",_loadFromDb
"OxidEsales\EshopCommunity\Application\Model\Article",_updateParentDependFields
"OxidEsales\EshopCommunity\Application\Model\Article",_getCopyParentFields
"OxidEsales\EshopCommunity\Application\Model\Article",_assignParentDependFields
"OxidEsales\EshopCommunity\Application\Model\Article",_saveSortingFieldValuesOnLoad
"OxidEsales\EshopCommunity\Application\Model\ArticleList",_sortByOrderMapCallback
"OxidEsales\EshopCommunity\Application\Model\ArticleList",_createIdListFromSql
"OxidEsales\EshopCommunity\Application\Model\ArticleList",_getFilterIdsSql
"OxidEsales\EshopCommunity\Application\Model\ArticleList",_getFilterSql
"OxidEsales\EshopCommunity\Application\Model\ArticleList",_getCategorySelect
"OxidEsales\EshopCommunity\Application\Model\ArticleList",_getCategoryCountSelect
"OxidEsales\EshopCommunity\Application\Model\ArticleList",_getSearchSelect
"OxidEsales\EshopCommunity\Application\Model\ArticleList",_getPriceSelect
"OxidEsales\EshopCommunity\Application\Model\ArticleList",_getVendorSelect
"OxidEsales\EshopCommunity\Application\Model\ArticleList",_getManufacturerSelect
"OxidEsales\EshopCommunity\Application\Model\ArticleList",_canUpdatePrices
"OxidEsales\EshopCommunity\Application\Model\Attribute",_getAttrId
"OxidEsales\EshopCommunity\Application\Model\Attribute",_createAttribute
"OxidEsales\EshopCommunity\Application\Model\AttributeList",_createAttributeListFromSql
"OxidEsales\EshopCommunity\Application\Model\AttributeList",_mergeAttributes
"OxidEsales\EshopCommunity\Application\Model\Basket",_changeBasketItemKey
"OxidEsales\EshopCommunity\Application\Model\Basket",_clearBundles
"OxidEsales\EshopCommunity\Application\Model\Basket",_getArticleBundles
"OxidEsales\EshopCommunity\Application\Model\Basket",_getItemBundles
"OxidEsales\EshopCommunity\Application\Model\Basket",_getBasketBundles
"OxidEsales\EshopCommunity\Application\Model\Basket",_addBundles
"OxidEsales\EshopCommunity\Application\Model\Basket",_addBundlesToBasket
"OxidEsales\EshopCommunity\Application\Model\Basket",_calcItemsPrice
"OxidEsales\EshopCommunity\Application\Model\Basket",_mergeDiscounts
"OxidEsales\EshopCommunity\Application\Model\Basket",_calcDeliveryCost
"OxidEsales\EshopCommunity\Application\Model\Basket",_calcTotalPrice
"OxidEsales\EshopCommunity\Application\Model\Basket",_calcVoucherDiscount
"OxidEsales\EshopCommunity\Application\Model\Basket",_applyDiscounts
"OxidEsales\EshopCommunity\Application\Model\Basket",_getPriceObject
"OxidEsales\EshopCommunity\Application\Model\Basket",_calcBasketDiscount
"OxidEsales\EshopCommunity\Application\Model\Basket",_calcBasketTotalDiscount
"OxidEsales\EshopCommunity\Application\Model\Basket",_calcBasketWrapping
"OxidEsales\EshopCommunity\Application\Model\Basket",_calcBasketGiftCard
"OxidEsales\EshopCommunity\Application\Model\Basket",_calcPaymentCost
"OxidEsales\EshopCommunity\Application\Model\Basket",_save
"OxidEsales\EshopCommunity\Application\Model\Basket",_deleteSavedBasket
"OxidEsales\EshopCommunity\Application\Model\Basket",_findDelivCountry
"OxidEsales\EshopCommunity\Application\Model\Basket",_getDiscountedProductsSum
"OxidEsales\EshopCommunity\Application\Model\Basket",_isProductInRootCategory
"OxidEsales\EshopCommunity\Application\Model\BasketContentMarkGenerator",_getBasket
"OxidEsales\EshopCommunity\Application\Model\BasketContentMarkGenerator",_formMarks
"OxidEsales\EshopCommunity\Application\Model\BasketItem",_setArticle
"OxidEsales\EshopCommunity\Application\Model\BasketItem",_setFromOrderArticle
"OxidEsales\EshopCommunity\Application\Model\BasketItem",_setSelectList
"OxidEsales\EshopCommunity\Application\Model\BasketReservation",_getReservationsId
"OxidEsales\EshopCommunity\Application\Model\BasketReservation",_loadReservations
"OxidEsales\EshopCommunity\Application\Model\BasketReservation",_getReservedItems
"OxidEsales\EshopCommunity\Application\Model\BasketReservation",_basketDifference
"OxidEsales\EshopCommunity\Application\Model\BasketReservation",_reserveArticles
"OxidEsales\EshopCommunity\Application\Model\Category",_loadFromDb
"OxidEsales\EshopCommunity\Application\Model\Category",_insert
"OxidEsales\EshopCommunity\Application\Model\Category",_update
"OxidEsales\EshopCommunity\Application\Model\Category",_setFieldData
"OxidEsales\EshopCommunity\Application\Model\CategoryList",_getSqlSelectFieldsForTree
"OxidEsales\EshopCommunity\Application\Model\CategoryList",_getSelectString
"OxidEsales\EshopCommunity\Application\Model\CategoryList",_getDepthSqlSnippet
"OxidEsales\EshopCommunity\Application\Model\CategoryList",_getDepthSqlUnion
"OxidEsales\EshopCommunity\Application\Model\CategoryList",_loadFromDb
"OxidEsales\EshopCommunity\Application\Model\CategoryList",_ppLoadFullCategory
"OxidEsales\EshopCommunity\Application\Model\CategoryList",_ppRemoveInactiveCategories
"OxidEsales\EshopCommunity\Application\Model\CategoryList",_ppAddPathInfo
"OxidEsales\EshopCommunity\Application\Model\CategoryList",_ppAddContentCategories
"OxidEsales\EshopCommunity\Application\Model\CategoryList",_ppBuildTree
"OxidEsales\EshopCommunity\Application\Model\CategoryList",_ppAddDepthInformation
"OxidEsales\EshopCommunity\Application\Model\CategoryList",_addDepthInfo
"OxidEsales\EshopCommunity\Application\Model\CategoryList",_updateNodes
"OxidEsales\EshopCommunity\Application\Model\CompanyVatIn",_cleanUp
"OxidEsales\EshopCommunity\Application\Model\Content",_loadFromDb
"OxidEsales\EshopCommunity\Application\Model\Content",_setFieldData
"OxidEsales\EshopCommunity\Application\Model\Content",_getFieldData
"OxidEsales\EshopCommunity\Application\Model\ContentList",_loadFromDb
"OxidEsales\EshopCommunity\Application\Model\ContentList",_load
"OxidEsales\EshopCommunity\Application\Model\ContentList",_extractListToArray
"OxidEsales\EshopCommunity\Application\Model\ContentList",_getSQLByType
"OxidEsales\EshopCommunity\Application\Model\Delivery",_checkDeliveryAmount
"OxidEsales\EshopCommunity\Application\Model\Delivery",_getMultiplier
"OxidEsales\EshopCommunity\Application\Model\Delivery",_getCostSum
"OxidEsales\EshopCommunity\Application\Model\DeliveryList",_getList
"OxidEsales\EshopCommunity\Application\Model\DeliveryList",_getFilterSelect
"OxidEsales\EshopCommunity\Application\Model\DeliverySetList",_getList
"OxidEsales\EshopCommunity\Application\Model\DeliverySetList",_getFilterSelect
"OxidEsales\EshopCommunity\Application\Model\Diagnostics",_countRows
"OxidEsales\EshopCommunity\Application\Model\Diagnostics",_getApacheVersion
"OxidEsales\EshopCommunity\Application\Model\Diagnostics",_getVirtualizationSystem
"OxidEsales\EshopCommunity\Application\Model\Diagnostics",_getDeviceList
"OxidEsales\EshopCommunity\Application\Model\Diagnostics",_getCpuAmount
"OxidEsales\EshopCommunity\Application\Model\Diagnostics",_getCpuMhz
"OxidEsales\EshopCommunity\Application\Model\Diagnostics",_getBogoMips
"OxidEsales\EshopCommunity\Application\Model\Diagnostics",_getMemoryTotal
"OxidEsales\EshopCommunity\Application\Model\Diagnostics",_getMemoryFree
"OxidEsales\EshopCommunity\Application\Model\Diagnostics",_getCpuModel
"OxidEsales\EshopCommunity\Application\Model\Diagnostics",_getDiskTotalSpace
"OxidEsales\EshopCommunity\Application\Model\Diagnostics",_getDiskFreeSpace
"OxidEsales\EshopCommunity\Application\Model\Diagnostics",_getPhpVersion
"OxidEsales\EshopCommunity\Application\Model\Diagnostics",_getMySqlServerInfo
"OxidEsales\EshopCommunity\Application\Model\Discount",_checkForArticleCategories
"OxidEsales\EshopCommunity\Application\Model\Discount",_getProductCheckQuery
"OxidEsales\EshopCommunity\Application\Model\Discount",_isArticleAssigned
"OxidEsales\EshopCommunity\Application\Model\Discount",_isCategoriesAssigned
"OxidEsales\EshopCommunity\Application\Model\DiscountList",_getList
"OxidEsales\EshopCommunity\Application\Model\DiscountList",_getFilterSelect
"OxidEsales\EshopCommunity\Application\Model\File",_checkArticleFile
"OxidEsales\EshopCommunity\Application\Model\File",_getBaseDownloadDirPath
"OxidEsales\EshopCommunity\Application\Model\File",_getFileLocation
"OxidEsales\EshopCommunity\Application\Model\File",_getHashedFileDir
"OxidEsales\EshopCommunity\Application\Model\File",_getFileHash
"OxidEsales\EshopCommunity\Application\Model\File",_uploadFile
"OxidEsales\EshopCommunity\Application\Model\File",_deleteFile
"OxidEsales\EshopCommunity\Application\Model\File",_getFilenameForUrl
"OxidEsales\EshopCommunity\Application\Model\Links",_setFieldData
"OxidEsales\EshopCommunity\Application\Model\Manufacturer",_setRootObjectData
"OxidEsales\EshopCommunity\Application\Model\ManufacturerList",_addCategoryFields
"OxidEsales\EshopCommunity\Application\Model\ManufacturerList",_seoSetManufacturerData
"OxidEsales\EshopCommunity\Application\Model\MdVariant",_addMdSubvariant
"OxidEsales\EshopCommunity\Application\Model\MdVariant",_isFixedPrice
"OxidEsales\EshopCommunity\Application\Model\MediaUrl",_getYoutubeHtml
"OxidEsales\EshopCommunity\Application\Model\NewsSubscribed",_insert
"OxidEsales\EshopCommunity\Application\Model\NewsSubscribed",_update
"OxidEsales\EshopCommunity\Application\Model\Order",_getCountryTitle
"OxidEsales\EshopCommunity\Application\Model\Order",_getArticles
"OxidEsales\EshopCommunity\Application\Model\Order",_setOrderStatus
"OxidEsales\EshopCommunity\Application\Model\Order",_convertVat
"OxidEsales\EshopCommunity\Application\Model\Order",_resetVats
"OxidEsales\EshopCommunity\Application\Model\Order",_loadFromBasket
"OxidEsales\EshopCommunity\Application\Model\Order",_setUser
"OxidEsales\EshopCommunity\Application\Model\Order",_setWrapping
"OxidEsales\EshopCommunity\Application\Model\Order",_setOrderArticles
"OxidEsales\EshopCommunity\Application\Model\Order",_executePayment
"OxidEsales\EshopCommunity\Application\Model\Order",_getGateway
"OxidEsales\EshopCommunity\Application\Model\Order",_setPayment
"OxidEsales\EshopCommunity\Application\Model\Order",_setFolder
"OxidEsales\EshopCommunity\Application\Model\Order",_updateWishlist
"OxidEsales\EshopCommunity\Application\Model\Order",_updateNoticeList
"OxidEsales\EshopCommunity\Application\Model\Order",_updateOrderDate
"OxidEsales\EshopCommunity\Application\Model\Order",_markVouchers
"OxidEsales\EshopCommunity\Application\Model\Order",_insert
"OxidEsales\EshopCommunity\Application\Model\Order",_getCounterIdent
"OxidEsales\EshopCommunity\Application\Model\Order",_setNumber
"OxidEsales\EshopCommunity\Application\Model\Order",_update
"OxidEsales\EshopCommunity\Application\Model\Order",_getOrderBasket
"OxidEsales\EshopCommunity\Application\Model\Order",_checkOrderExist
"OxidEsales\EshopCommunity\Application\Model\Order",_sendOrderByEmail
"OxidEsales\EshopCommunity\Application\Model\Order",_addOrderArticlesToBasket
"OxidEsales\EshopCommunity\Application\Model\Order",_addArticlesToBasket
"OxidEsales\EshopCommunity\Application\Model\OrderArticle",_getArtStock
"OxidEsales\EshopCommunity\Application\Model\OrderArticle",_setFieldData
"OxidEsales\EshopCommunity\Application\Model\OrderArticle",_setArticleParams
"OxidEsales\EshopCommunity\Application\Model\OrderArticle",_getOrderArticle
"OxidEsales\EshopCommunity\Application\Model\OrderArticle",_insert
"OxidEsales\EshopCommunity\Application\Model\OrderArticle",_setOrderFiles
"OxidEsales\EshopCommunity\Application\Model\OrderFile",_getFieldLongName
"OxidEsales\EshopCommunity\Application\Model\PaymentGateway",_isActive
"OxidEsales\EshopCommunity\Application\Model\PaymentList",_getFilterSelect
"OxidEsales\EshopCommunity\Application\Model\PriceAlarm",_insert
"OxidEsales\EshopCommunity\Application\Model\RecommendationList",_getArticleSelect
"OxidEsales\EshopCommunity\Application\Model\RecommendationList",_loadFirstArticles
"OxidEsales\EshopCommunity\Application\Model\RecommendationList",_getSearchSelect
"OxidEsales\EshopCommunity\Application\Model\Remark",_insert
"OxidEsales\EshopCommunity\Application\Model\RequiredAddressFields",_filterFields
"OxidEsales\EshopCommunity\Application\Model\RequiredFieldValidator",_validateFieldValueArray
"OxidEsales\EshopCommunity\Application\Model\RequiredFieldsValidator",_setInvalidFields
"OxidEsales\EshopCommunity\Application\Model\Review",_insert
"OxidEsales\EshopCommunity\Application\Model\RssFeed",_loadBaseChannel
"OxidEsales\EshopCommunity\Application\Model\RssFeed",_getCacheId
"OxidEsales\EshopCommunity\Application\Model\RssFeed",_loadFromCache
"OxidEsales\EshopCommunity\Application\Model\RssFeed",_getLastBuildDate
"OxidEsales\EshopCommunity\Application\Model\RssFeed",_saveToCache
"OxidEsales\EshopCommunity\Application\Model\RssFeed",_getArticleItems
"OxidEsales\EshopCommunity\Application\Model\RssFeed",_prepareUrl
"OxidEsales\EshopCommunity\Application\Model\RssFeed",_prepareFeedName
"OxidEsales\EshopCommunity\Application\Model\RssFeed",_getShopUrl
"OxidEsales\EshopCommunity\Application\Model\RssFeed",_loadData
"OxidEsales\EshopCommunity\Application\Model\RssFeed",_getCatPath
"OxidEsales\EshopCommunity\Application\Model\RssFeed",_getSearchParamsUrl
"OxidEsales\EshopCommunity\Application\Model\RssFeed",_getObjectField
"OxidEsales\EshopCommunity\Application\Model\RssFeed",_getSearchParamsTranslation
"OxidEsales\EshopCommunity\Application\Model\RssFeed",_deleteFile
"OxidEsales\EshopCommunity\Application\Model\Search",_getSearchSelect
"OxidEsales\EshopCommunity\Application\Model\Search",_getWhere
"OxidEsales\EshopCommunity\Application\Model\SeoEncoderArticle",_getUrlExtension
"OxidEsales\EshopCommunity\Application\Model\SeoEncoderArticle",_getProductForLang
"OxidEsales\EshopCommunity\Application\Model\SeoEncoderArticle",_getListType
"OxidEsales\EshopCommunity\Application\Model\SeoEncoderArticle",_createArticleCategoryUri
"OxidEsales\EshopCommunity\Application\Model\SeoEncoderArticle",_getCategory
"OxidEsales\EshopCommunity\Application\Model\SeoEncoderArticle",_getMainCategory
"OxidEsales\EshopCommunity\Application\Model\SeoEncoderArticle",_prepareArticleTitle
"OxidEsales\EshopCommunity\Application\Model\SeoEncoderArticle",_getVendor
"OxidEsales\EshopCommunity\Application\Model\SeoEncoderArticle",_getManufacturer
"OxidEsales\EshopCommunity\Application\Model\SeoEncoderArticle",_getAltUri
"OxidEsales\EshopCommunity\Application\Model\SeoEncoderCategory",_getUrlExtension
"OxidEsales\EshopCommunity\Application\Model\SeoEncoderCategory",_categoryUrlLoader
"OxidEsales\EshopCommunity\Application\Model\SeoEncoderCategory",_getCategoryCacheId
"OxidEsales\EshopCommunity\Application\Model\SeoEncoderCategory",_getAltUri
"OxidEsales\EshopCommunity\Application\Model\SeoEncoderContent",_getUrlExtension
"OxidEsales\EshopCommunity\Application\Model\SeoEncoderContent",_getAltUri
"OxidEsales\EshopCommunity\Application\Model\SeoEncoderManufacturer",_getUrlExtension
"OxidEsales\EshopCommunity\Application\Model\SeoEncoderManufacturer",_getAltUri
"OxidEsales\EshopCommunity\Application\Model\SeoEncoderVendor",_getUrlExtension
"OxidEsales\EshopCommunity\Application\Model\SeoEncoderVendor",_getAltUri
"OxidEsales\EshopCommunity\Application\Model\Shop",_getViewSelect
"OxidEsales\EshopCommunity\Application\Model\Shop",_getViewSelectMultilang
"OxidEsales\EshopCommunity\Application\Model\Shop",_getViewJoinAll
"OxidEsales\EshopCommunity\Application\Model\Shop",_getViewJoinLang
"OxidEsales\EshopCommunity\Application\Model\Shop",_cleanInvalidViews
"OxidEsales\EshopCommunity\Application\Model\Shop",_prepareViewsQueries
"OxidEsales\EshopCommunity\Application\Model\Shop",_runQueries
"OxidEsales\EshopCommunity\Application\Model\ShopViewValidator",_getAllViews
"OxidEsales\EshopCommunity\Application\Model\ShopViewValidator",_isCurrentShopView
"OxidEsales\EshopCommunity\Application\Model\ShopViewValidator",_getShopViews
"OxidEsales\EshopCommunity\Application\Model\ShopViewValidator",_getValidShopViews
"OxidEsales\EshopCommunity\Application\Model\ShopViewValidator",_isViewValid
"OxidEsales\EshopCommunity\Application\Model\SimpleVariant",_getGroupPrice
"OxidEsales\EshopCommunity\Application\Model\SimpleVariant",_applyCurrency
"OxidEsales\EshopCommunity\Application\Model\SimpleVariant",_applyParentDiscounts
"OxidEsales\EshopCommunity\Application\Model\SimpleVariant",_applyParentVat
"OxidEsales\EshopCommunity\Application\Model\SimpleVariantList",_assignElement
"OxidEsales\EshopCommunity\Application\Model\User",_getStateObject
"OxidEsales\EshopCommunity\Application\Model\User",_getWishListId
"OxidEsales\EshopCommunity\Application\Model\User",_getMergedAddressFields
"OxidEsales\EshopCommunity\Application\Model\User",_assignAddress
"OxidEsales\EshopCommunity\Application\Model\User",_getCookieUserId
"OxidEsales\EshopCommunity\Application\Model\User",_getUserRights
"OxidEsales\EshopCommunity\Application\Model\User",_insert
"OxidEsales\EshopCommunity\Application\Model\User",_update
"OxidEsales\EshopCommunity\Application\Model\User",_setAutoGroups
"OxidEsales\EshopCommunity\Application\Model\User",_isDemoShop
"OxidEsales\EshopCommunity\Application\Model\User",_getDemoShopLoginQuery
"OxidEsales\EshopCommunity\Application\Model\UserBasket",_insert
"OxidEsales\EshopCommunity\Application\Model\UserBasket",_createItem
"OxidEsales\EshopCommunity\Application\Model\UserBasket",_getItemKey
"OxidEsales\EshopCommunity\Application\Model\UserBasketItem",_setFieldData
"OxidEsales\EshopCommunity\Application\Model\UserPayment",_insert
"OxidEsales\EshopCommunity\Application\Model\VariantHandler",_assignValues
"OxidEsales\EshopCommunity\Application\Model\VariantHandler",_getValuePrice
"OxidEsales\EshopCommunity\Application\Model\VariantHandler",_createNewVariant
"OxidEsales\EshopCommunity\Application\Model\VariantHandler",_updateArticleVarName
"OxidEsales\EshopCommunity\Application\Model\VariantHandler",_fillVariantSelections
"OxidEsales\EshopCommunity\Application\Model\VariantHandler",_cleanFilter
"OxidEsales\EshopCommunity\Application\Model\VariantHandler",_applyVariantSelectionsFilter
"OxidEsales\EshopCommunity\Application\Model\VariantHandler",_buildVariantSelectionsList
"OxidEsales\EshopCommunity\Application\Model\VariantHandler",_getSelections
"OxidEsales\EshopCommunity\Application\Model\VatSelector",_getForeignCountryUserVat
"OxidEsales\EshopCommunity\Application\Model\VatSelector",_getVatForArticleCategory
"OxidEsales\EshopCommunity\Application\Model\VatSelector",_getVatCountry
"OxidEsales\EshopCommunity\Application\Model\Vendor",_setRootObjectData
"OxidEsales\EshopCommunity\Application\Model\VendorList",_addCategoryFields
"OxidEsales\EshopCommunity\Application\Model\VendorList",_seoSetVendorData
"OxidEsales\EshopCommunity\Application\Model\Voucher",_isAvailablePrice
"OxidEsales\EshopCommunity\Application\Model\Voucher",_isAvailableWithSameSeries
"OxidEsales\EshopCommunity\Application\Model\Voucher",_isAvailableWithOtherSeries
"OxidEsales\EshopCommunity\Application\Model\Voucher",_isValidDate
"OxidEsales\EshopCommunity\Application\Model\Voucher",_isNotReserved
"OxidEsales\EshopCommunity\Application\Model\Voucher",_isAvailableInOtherOrder
"OxidEsales\EshopCommunity\Application\Model\Voucher",_isValidUserGroup
"OxidEsales\EshopCommunity\Application\Model\Voucher",_isProductVoucher
"OxidEsales\EshopCommunity\Application\Model\Voucher",_isCategoryVoucher
"OxidEsales\EshopCommunity\Application\Model\Voucher",_getSerieDiscount
"OxidEsales\EshopCommunity\Application\Model\Voucher",_getBasketItems
"OxidEsales\EshopCommunity\Application\Model\Voucher",_getOrderBasketItems
"OxidEsales\EshopCommunity\Application\Model\Voucher",_getSessionBasketItems
"OxidEsales\EshopCommunity\Application\Model\Voucher",_getGenericDiscountValue
"OxidEsales\EshopCommunity\Application\Model\Voucher",_getProductDiscountValue
"OxidEsales\EshopCommunity\Application\Model\Voucher",_getCategoryDiscountValue
"OxidEsales\EshopCommunity\Application\Model\Voucher",_getVoucherTimeout
"OxidEsales\EshopCommunity\Application\Model\Wrapping",_isPriceViewModeNetto
"OxidEsales\EshopCommunity\Core\Config",_processSeoCall
"OxidEsales\EshopCommunity\Core\Config",_loadVarsFromFile
"OxidEsales\EshopCommunity\Core\Config",_setDefaults
"OxidEsales\EshopCommunity\Core\Config",_loadCustomConfig
"OxidEsales\EshopCommunity\Core\Config",_loadVarsFromDb
"OxidEsales\EshopCommunity\Core\Config",_getConfigParamsSelectSnippet
"OxidEsales\EshopCommunity\Core\Config",_setConfVarFromDb
"OxidEsales\EshopCommunity\Core\Config",_checkSsl
"OxidEsales\EshopCommunity\Core\Config",_handleDbConnectionException
"OxidEsales\EshopCommunity\Core\Config",_handleCookieException
"OxidEsales\EshopCommunity\Core\Config",_isValidShopId
"OxidEsales\EshopCommunity\Core\ConfigFile",_loadVars
"OxidEsales\EshopCommunity\Core\Controller\BaseController",_executeNewAction
"OxidEsales\EshopCommunity\Core\Curl",_setResource
"OxidEsales\EshopCommunity\Core\Curl",_getResource
"OxidEsales\EshopCommunity\Core\Curl",_setOptions
"OxidEsales\EshopCommunity\Core\Curl",_execute
"OxidEsales\EshopCommunity\Core\Curl",_close
"OxidEsales\EshopCommunity\Core\Curl",_setOpt
"OxidEsales\EshopCommunity\Core\Curl",_getErrorNumber
"OxidEsales\EshopCommunity\Core\Curl",_saveStatusCode
"OxidEsales\EshopCommunity\Core\Curl",_prepareQueryParameters
"OxidEsales\EshopCommunity\Core\Curl",_htmlDecode
"OxidEsales\EshopCommunity\Core\DbMetaDataHandler",_getCreateTableSetSql
"OxidEsales\EshopCommunity\Core\Decryptor",_formKey
"OxidEsales\EshopCommunity\Core\DynamicImageGenerator",_getShopBasePath
"OxidEsales\EshopCommunity\Core\DynamicImageGenerator",_getImageUri
"OxidEsales\EshopCommunity\Core\DynamicImageGenerator",_getImageName
"OxidEsales\EshopCommunity\Core\DynamicImageGenerator",_getImageMasterPath
"OxidEsales\EshopCommunity\Core\DynamicImageGenerator",_getImageInfo
"OxidEsales\EshopCommunity\Core\DynamicImageGenerator",_getImageTarget
"OxidEsales\EshopCommunity\Core\DynamicImageGenerator",_getNopicImageTarget
"OxidEsales\EshopCommunity\Core\DynamicImageGenerator",_getImageType
"OxidEsales\EshopCommunity\Core\DynamicImageGenerator",_generatePng
"OxidEsales\EshopCommunity\Core\DynamicImageGenerator",_generateJpg
"OxidEsales\EshopCommunity\Core\DynamicImageGenerator",_generateGif
"OxidEsales\EshopCommunity\Core\DynamicImageGenerator",_isTargetPathValid
"OxidEsales\EshopCommunity\Core\DynamicImageGenerator",_createFolders
"OxidEsales\EshopCommunity\Core\DynamicImageGenerator",_isValidPath
"OxidEsales\EshopCommunity\Core\DynamicImageGenerator",_generateImage
"OxidEsales\EshopCommunity\Core\DynamicImageGenerator",_getLockName
"OxidEsales\EshopCommunity\Core\DynamicImageGenerator",_lock
"OxidEsales\EshopCommunity\Core\DynamicImageGenerator",_unlock
"OxidEsales\EshopCommunity\Core\DynamicImageGenerator",_setHeader
"OxidEsales\EshopCommunity\Core\DynamicImageGenerator",_getHeaders
"OxidEsales\EshopCommunity\Core\Email",_setSmtpProtocol
"OxidEsales\EshopCommunity\Core\Email",_isValidSmtpHost
"OxidEsales\EshopCommunity\Core\Email",_getNewsSubsLink
"OxidEsales\EshopCommunity\Core\Email",_includeImages
"OxidEsales\EshopCommunity\Core\Email",_getUseInlineImages
"OxidEsales\EshopCommunity\Core\Email",_sendMailErrorMsg
"OxidEsales\EshopCommunity\Core\Email",_addUserInfoOrderEMail
"OxidEsales\EshopCommunity\Core\Email",_addUserRegisterEmail
"OxidEsales\EshopCommunity\Core\Email",_addForgotPwdEmail
"OxidEsales\EshopCommunity\Core\Email",_addNewsletterDbOptInMail
"OxidEsales\EshopCommunity\Core\Email",_clearMailer
"OxidEsales\EshopCommunity\Core\Email",_setMailParams
"OxidEsales\EshopCommunity\Core\Email",_getShop
"OxidEsales\EshopCommunity\Core\Email",_setSmtpAuthInfo
"OxidEsales\EshopCommunity\Core\Email",_setSmtpDebug
"OxidEsales\EshopCommunity\Core\Email",_makeOutputProcessing
"OxidEsales\EshopCommunity\Core\Email",_sendMail
"OxidEsales\EshopCommunity\Core\Email",_processViewArray
"OxidEsales\EshopCommunity\Core\Email",_clearSidFromBody
"OxidEsales\EshopCommunity\Core\Encryptor",_formKey
"OxidEsales\EshopCommunity\Core\Field",_initValue
"OxidEsales\EshopCommunity\Core\InputValidator",_setFields
"OxidEsales\EshopCommunity\Core\InputValidator",_getCountry
"OxidEsales\EshopCommunity\Core\InputValidator",_validateDebitNote
"OxidEsales\EshopCommunity\Core\InputValidator",_validateOldDebitInfo
"OxidEsales\EshopCommunity\Core\InputValidator",_fixAccountNumber
"OxidEsales\EshopCommunity\Core\InputValidator",_isAllBankInformationSet
"OxidEsales\EshopCommunity\Core\InputValidator",_cleanDebitInformation
"OxidEsales\EshopCommunity\Core\InputValidator",_hasRequiredParametersForVatInCheck
"OxidEsales\EshopCommunity\Core\Language",_collectSimilar
"OxidEsales\EshopCommunity\Core\Language",_getLangFilesPathArray
"OxidEsales\EshopCommunity\Core\Language",_getAdminLangFilesPathArray
"OxidEsales\EshopCommunity\Core\Language",_appendLangFile
"OxidEsales\EshopCommunity\Core\Language",_appendCustomLangFiles
"OxidEsales\EshopCommunity\Core\Language",_getLangFileCacheName
"OxidEsales\EshopCommunity\Core\Language",_getLanguageFileData
"OxidEsales\EshopCommunity\Core\Language",_getLanguageMap
"OxidEsales\EshopCommunity\Core\Language",_getCacheLanguageId
"OxidEsales\EshopCommunity\Core\Language",_getLangTranslationArray
"OxidEsales\EshopCommunity\Core\Language",_sortLanguagesCallback
"OxidEsales\EshopCommunity\Core\Language",_getBrowserLanguage
"OxidEsales\EshopCommunity\Core\Language",_getLanguageIdsFromDatabase
"OxidEsales\EshopCommunity\Core\Language",_getConfigLanguageValues
"OxidEsales\EshopCommunity\Core\Language",_selectLanguageParamValues
"OxidEsales\EshopCommunity\Core\Language",_getLanguageIdsFromLanguageParamsArray
"OxidEsales\EshopCommunity\Core\Language",_getLanguageIdsFromLanguagesArray
"OxidEsales\EshopCommunity\Core\Model\BaseModel",_setUpdateSeoOnFieldChange
"OxidEsales\EshopCommunity\Core\Model\BaseModel",_removeElement2ShopRelations
"OxidEsales\EshopCommunity\Core\Model\BaseModel",_isInList
"OxidEsales\EshopCommunity\Core\Model\BaseModel",_getObjectViewName
"OxidEsales\EshopCommunity\Core\Model\BaseModel",_getTableFields
"OxidEsales\EshopCommunity\Core\Model\BaseModel",_getAllFields
"OxidEsales\EshopCommunity\Core\Model\BaseModel",_initDataStructure
"OxidEsales\EshopCommunity\Core\Model\BaseModel",_getNonCachedFieldNames
"OxidEsales\EshopCommunity\Core\Model\BaseModel",_getFieldStatus
"OxidEsales\EshopCommunity\Core\Model\BaseModel",_addField
"OxidEsales\EshopCommunity\Core\Model\BaseModel",_getFieldLongName
"OxidEsales\EshopCommunity\Core\Model\BaseModel",_setFieldData
"OxidEsales\EshopCommunity\Core\Model\BaseModel",_canFieldBeNull
"OxidEsales\EshopCommunity\Core\Model\BaseModel",_getFieldDefaultValue
"OxidEsales\EshopCommunity\Core\Model\BaseModel",_getUpdateFieldValue
"OxidEsales\EshopCommunity\Core\Model\BaseModel",_getUpdateFields
"OxidEsales\EshopCommunity\Core\Model\BaseModel",_update
"OxidEsales\EshopCommunity\Core\Model\BaseModel",_insert
"OxidEsales\EshopCommunity\Core\Model\BaseModel",_isDisabledFieldCache
"OxidEsales\EshopCommunity\Core\Model\BaseModel",_addSkippedSaveFieldsForMapping
"OxidEsales\EshopCommunity\Core\Model\BaseModel",_disableLazyLoadingForCaching
"OxidEsales\EshopCommunity\Core\Model\ListModel",_assignElement
"OxidEsales\EshopCommunity\Core\Model\ListModel",_getFieldLongName
"OxidEsales\EshopCommunity\Core\Model\MultiLanguageModel",_getFieldStatus
"OxidEsales\EshopCommunity\Core\Model\MultiLanguageModel",_getNonCachedFieldNames
"OxidEsales\EshopCommunity\Core\Model\MultiLanguageModel",_getFieldLang
"OxidEsales\EshopCommunity\Core\Model\MultiLanguageModel",_setUpdateSeoOnFieldChange
"OxidEsales\EshopCommunity\Core\Model\MultiLanguageModel",_getUpdateFieldsForTable
"OxidEsales\EshopCommunity\Core\Model\MultiLanguageModel",_getUpdateFields
"OxidEsales\EshopCommunity\Core\Model\MultiLanguageModel",_update
"OxidEsales\EshopCommunity\Core\Model\MultiLanguageModel",_getLanguageSetTables
"OxidEsales\EshopCommunity\Core\Model\MultiLanguageModel",_insert
"OxidEsales\EshopCommunity\Core\Model\MultiLanguageModel",_getObjectViewName
"OxidEsales\EshopCommunity\Core\Model\MultiLanguageModel",_getAllFields
"OxidEsales\EshopCommunity\Core\Model\MultiLanguageModel",_addField
"OxidEsales\EshopCommunity\Core\Model\MultiLanguageModel",_canFieldBeNull
"OxidEsales\EshopCommunity\Core\Module\ModuleCache",_clearApcCache
"OxidEsales\EshopCommunity\Core\Module\ModuleList",_sortModules
"OxidEsales\EshopCommunity\Core\Module\ModuleList",_isVendorDir
"OxidEsales\EshopCommunity\Core\Module\ModuleList",_getInvalidExtensions
"OxidEsales\EshopCommunity\Core\OnlineCaller",_getXMLDocumentName
"OxidEsales\EshopCommunity\Core\OnlineCaller",_getServiceUrl
"OxidEsales\EshopCommunity\Core\OnlineCaller",_formEmail
"OxidEsales\EshopCommunity\Core\OnlineCaller",_formXMLRequest
"OxidEsales\EshopCommunity\Core\OnlineCaller",_getSimpleXml
"OxidEsales\EshopCommunity\Core\OnlineCaller",_getCurl
"OxidEsales\EshopCommunity\Core\OnlineCaller",_getEmailBuilder
"OxidEsales\EshopCommunity\Core\OnlineCaller",_executeCurlCall
"OxidEsales\EshopCommunity\Core\OnlineCaller",_sendEmail
"OxidEsales\EshopCommunity\Core\OnlineCaller",_resetFailedCallsCount
"OxidEsales\EshopCommunity\Core\OnlineCaller",_increaseFailedCallsCount
"OxidEsales\EshopCommunity\Core\OnlineLicenseCheckCaller",_formEmail
"OxidEsales\EshopCommunity\Core\OnlineLicenseCheckCaller",_formResponse
"OxidEsales\EshopCommunity\Core\OnlineLicenseCheckCaller",_getXMLDocumentName
"OxidEsales\EshopCommunity\Core\OnlineLicenseCheckCaller",_getServiceUrl
"OxidEsales\EshopCommunity\Core\OnlineModuleVersionNotifier",_prepareModulesInformation
"OxidEsales\EshopCommunity\Core\OnlineModuleVersionNotifier",_formRequest
"OxidEsales\EshopCommunity\Core\OnlineModuleVersionNotifier",_getOnlineModuleNotifierCaller
"OxidEsales\EshopCommunity\Core\OnlineModuleVersionNotifierCaller",_getXMLDocumentName
"OxidEsales\EshopCommunity\Core\OnlineModuleVersionNotifierCaller",_getServiceUrl
"OxidEsales\EshopCommunity\Core\OnlineRequest",_getClusterId
"OxidEsales\EshopCommunity\Core\OnlineVatIdCheck",_isServiceAvailable
"OxidEsales\EshopCommunity\Core\OnlineVatIdCheck",_checkOnline
"OxidEsales\EshopCommunity\Core\PasswordHasher",_getHasher
"OxidEsales\EshopCommunity\Core\PasswordSaltGenerator",_getOpenSSLFunctionalityChecker
"OxidEsales\EshopCommunity\Core\PasswordSaltGenerator",_customSaltGenerator
"OxidEsales\EshopCommunity\Core\PictureHandler",_getBaseMasterImageFileName
"OxidEsales\EshopCommunity\Core\PictureHandler",_getPictureInfo
"OxidEsales\EshopCommunity\Core\Price",_flushDiscounts
"OxidEsales\EshopCommunity\Core\SeoDecoder",_getIdent
"OxidEsales\EshopCommunity\Core\SeoDecoder",_decodeOldUrl
"OxidEsales\EshopCommunity\Core\SeoDecoder",_addQueryString
"OxidEsales\EshopCommunity\Core\SeoDecoder",_getSeoUrl
"OxidEsales\EshopCommunity\Core\SeoDecoder",_decodeSimpleUrl
"OxidEsales\EshopCommunity\Core\SeoDecoder",_getObjectUrl
"OxidEsales\EshopCommunity\Core\SeoDecoder",_getParams
"OxidEsales\EshopCommunity\Core\SeoEncoder",_processSeoUrl
"OxidEsales\EshopCommunity\Core\SeoEncoder",_copyToHistory
"OxidEsales\EshopCommunity\Core\SeoEncoder",_getDynamicUri
"OxidEsales\EshopCommunity\Core\SeoEncoder",_getFullUrl
"OxidEsales\EshopCommunity\Core\SeoEncoder",_getSeoIdent
"OxidEsales\EshopCommunity\Core\SeoEncoder",_getStaticUri
"OxidEsales\EshopCommunity\Core\SeoEncoder",_getUrlExtension
"OxidEsales\EshopCommunity\Core\SeoEncoder",_getUniqueSeoUrl
"OxidEsales\EshopCommunity\Core\SeoEncoder",_isFixed
"OxidEsales\EshopCommunity\Core\SeoEncoder",_getCacheKey
"OxidEsales\EshopCommunity\Core\SeoEncoder",_loadFromCache
"OxidEsales\EshopCommunity\Core\SeoEncoder",_saveInCache
"OxidEsales\EshopCommunity\Core\SeoEncoder",_loadFromDb
"OxidEsales\EshopCommunity\Core\SeoEncoder",_getReservedEntryKeys
"OxidEsales\EshopCommunity\Core\SeoEncoder",_prepareUri
"OxidEsales\EshopCommunity\Core\SeoEncoder",_prepareTitle
"OxidEsales\EshopCommunity\Core\SeoEncoder",_saveToDb
"OxidEsales\EshopCommunity\Core\SeoEncoder",_trimUrl
"OxidEsales\EshopCommunity\Core\SeoEncoder",_getMaxUrlLength
"OxidEsales\EshopCommunity\Core\SeoEncoder",_getPageUri
"OxidEsales\EshopCommunity\Core\SeoEncoder",_getStaticObjectId
"OxidEsales\EshopCommunity\Core\SeoEncoder",_getAltUri
"OxidEsales\EshopCommunity\Core\SepaIBANValidator",_isLengthValid
"OxidEsales\EshopCommunity\Core\SepaIBANValidator",_getLengthForCountry
"OxidEsales\EshopCommunity\Core\SepaIBANValidator",_isAlgorithmValid
"OxidEsales\EshopCommunity\Core\SepaIBANValidator",_moveInitialCharactersToEnd
"OxidEsales\EshopCommunity\Core\SepaIBANValidator",_replaceLettersToNumbers
"OxidEsales\EshopCommunity\Core\SepaIBANValidator",_isIBANChecksumValid
"OxidEsales\EshopCommunity\Core\SepaIBANValidator",_isNotEmptyArray
"OxidEsales\EshopCommunity\Core\SepaIBANValidator",_isEachCodeLengthValid
"OxidEsales\EshopCommunity\Core\SepaIBANValidator",_isCodeLengthKeyValid
"OxidEsales\EshopCommunity\Core\SepaIBANValidator",_isCodeLengthValueValid
"OxidEsales\EshopCommunity\Core\Session",_initNewSessionChallenge
"OxidEsales\EshopCommunity\Core\Session",_sessionStart
"OxidEsales\EshopCommunity\Core\Session",_getNewSessionId
"OxidEsales\EshopCommunity\Core\Session",_validateBasket
"OxidEsales\EshopCommunity\Core\Session",_forceSessionStart
"OxidEsales\EshopCommunity\Core\Session",_allowSessionStart
"OxidEsales\EshopCommunity\Core\Session",_isSwappedClient
"OxidEsales\EshopCommunity\Core\Session",_checkUserAgent
"OxidEsales\EshopCommunity\Core\Session",_checkCookies
"OxidEsales\EshopCommunity\Core\Session",_setSessionId
"OxidEsales\EshopCommunity\Core\Session",_getBasketName
"OxidEsales\EshopCommunity\Core\Session",_getCookieSid
"OxidEsales\EshopCommunity\Core\Session",_getRequireSessionWithParams
"OxidEsales\EshopCommunity\Core\Session",_isSessionRequiredAction
"OxidEsales\EshopCommunity\Core\Session",_getSessionUseCookies
"OxidEsales\EshopCommunity\Core\Session",_isValidRemoteAccessToken
"OxidEsales\EshopCommunity\Core\ShopControl",_process
"OxidEsales\EshopCommunity\Core\ShopControl",_executeMaintenanceTasks
"OxidEsales\EshopCommunity\Core\ShopControl",_initializeViewObject
"OxidEsales\EshopCommunity\Core\ShopControl",_canExecuteFunction
"OxidEsales\EshopCommunity\Core\ShopControl",_getFormattedErrors
"OxidEsales\EshopCommunity\Core\ShopControl",_render
"OxidEsales\EshopCommunity\Core\ShopControl",_getOutputManager
"OxidEsales\EshopCommunity\Core\ShopControl",_getErrors
"OxidEsales\EshopCommunity\Core\ShopControl",_runOnce
"OxidEsales\EshopCommunity\Core\ShopControl",_isDebugMode
"OxidEsales\EshopCommunity\Core\ShopControl",_startMonitor
"OxidEsales\EshopCommunity\Core\ShopControl",_handleSystemException
"OxidEsales\EshopCommunity\Core\ShopControl",_handleCookieException
"OxidEsales\EshopCommunity\Core\ShopControl",_handleBaseException
"OxidEsales\EshopCommunity\Core\ShopIdCalculator",_getShopUrlMap
"OxidEsales\EshopCommunity\Core\SimpleXml",_addSimpleXmlElement
"OxidEsales\EshopCommunity\Core\SimpleXml",_addChildNode
"OxidEsales\EshopCommunity\Core\SimpleXml",_addNodeAttributes
"OxidEsales\EshopCommunity\Core\Smarty\Plugin\Emos",_setEmosBillingArray
"OxidEsales\EshopCommunity\Core\Smarty\Plugin\Emos",_setEmosECPageArray
"OxidEsales\EshopCommunity\Core\Smarty\Plugin\Emos",_emos_ItemFormat
"OxidEsales\EshopCommunity\Core\Smarty\Plugin\Emos",_emos_DataFormat
"OxidEsales\EshopCommunity\Core\Smarty\Plugin\Emos",_prepareScript
"OxidEsales\EshopCommunity\Core\Smarty\Plugin\Emos",_addJsFormat
"OxidEsales\EshopCommunity\Core\Smarty\Plugin\Emos",_jsEncode
"OxidEsales\EshopCommunity\Core\Smarty\Plugin\EmosAdapter",_getScriptPath
"OxidEsales\EshopCommunity\Core\Smarty\Plugin\EmosAdapter",_getNewEmosItem
"OxidEsales\EshopCommunity\Core\Smarty\Plugin\EmosAdapter",_prepareProductTitle
"OxidEsales\EshopCommunity\Core\Smarty\Plugin\EmosAdapter",_convProd2EmosItem
"OxidEsales\EshopCommunity\Core\Smarty\Plugin\EmosAdapter",_getEmosPageTitle
"OxidEsales\EshopCommunity\Core\Smarty\Plugin\EmosAdapter",_getEmosCl
"OxidEsales\EshopCommunity\Core\Smarty\Plugin\EmosAdapter",_getEmosCatPath
"OxidEsales\EshopCommunity\Core\Smarty\Plugin\EmosAdapter",_getBasketProductCatPath
"OxidEsales\EshopCommunity\Core\Smarty\Plugin\EmosAdapter",_getEmosPageId
"OxidEsales\EshopCommunity\Core\Smarty\Plugin\EmosAdapter",_getTplName
"OxidEsales\EshopCommunity\Core\Smarty\Plugin\EmosAdapter",_getPagesContent
"OxidEsales\EshopCommunity\Core\Smarty\Plugin\EmosAdapter",_getOrderStepNames
"OxidEsales\EshopCommunity\Core\Smarty\Plugin\EmosAdapter",_setControllerInfo
"OxidEsales\EshopCommunity\Core\Smarty\Plugin\EmosAdapter",_setSearchInformation
"OxidEsales\EshopCommunity\Core\Smarty\Plugin\EmosAdapter",_setBasketInformation
"OxidEsales\EshopCommunity\Core\Smarty\Plugin\EmosAdapter",_setUserRegistration
"OxidEsales\EshopCommunity\Core\Smarty\Plugin\EmosAdapter",_setBasketActionsInfo
"OxidEsales\EshopCommunity\Core\Str",_getStrHandler
"OxidEsales\EshopCommunity\Core\SystemRequirements",_getShopHostInfoFromConfig
"OxidEsales\EshopCommunity\Core\SystemRequirements",_getShopSSLHostInfoFromConfig
"OxidEsales\EshopCommunity\Core\SystemRequirements",_getShopHostInfoFromServerVars
"OxidEsales\EshopCommunity\Core\SystemRequirements",_getShopHostInfo
"OxidEsales\EshopCommunity\Core\SystemRequirements",_getShopSSLHostInfo
"OxidEsales\EshopCommunity\Core\SystemRequirements",_checkModRewrite
"OxidEsales\EshopCommunity\Core\SystemRequirements",_getAdditionalCheck
"OxidEsales\EshopCommunity\Core\SystemRequirements",_getBytes
"OxidEsales\EshopCommunity\Core\SystemRequirements",_checkTemplateBlock
"OxidEsales\EshopCommunity\Core\SystemRequirements",_getMinimumMemoryLimit
"OxidEsales\EshopCommunity\Core\SystemRequirements",_getRecommendMemoryLimit
"OxidEsales\EshopCommunity\Core\UniversallyUniqueIdGenerator",_getOpenSSLChecker
"OxidEsales\EshopCommunity\Core\UniversallyUniqueIdGenerator",_generateBasedOnOpenSSL
"OxidEsales\EshopCommunity\Core\UniversallyUniqueIdGenerator",_generateBasedOnMtRand
"OxidEsales\EshopCommunity\Core\Utils",_readFile
"OxidEsales\EshopCommunity\Core\Utils",_includeFile
"OxidEsales\EshopCommunity\Core\Utils",_processCache
"OxidEsales\EshopCommunity\Core\Utils",_lockFile
"OxidEsales\EshopCommunity\Core\Utils",_releaseFile
"OxidEsales\EshopCommunity\Core\Utils",_simpleRedirect
"OxidEsales\EshopCommunity\Core\Utils",_addUrlParameters
"OxidEsales\EshopCommunity\Core\Utils",_fillExplodeArray
"OxidEsales\EshopCommunity\Core\Utils",_preparePrice
"OxidEsales\EshopCommunity\Core\Utils",_isPriceViewModeNetto
"OxidEsales\EshopCommunity\Core\Utils",_getArticleUser
"OxidEsales\EshopCommunity\Core\UtilsCount",_getCatCache
"OxidEsales\EshopCommunity\Core\UtilsCount",_setCatCache
"OxidEsales\EshopCommunity\Core\UtilsCount",_setVendorCache
"OxidEsales\EshopCommunity\Core\UtilsCount",_setManufacturerCache
"OxidEsales\EshopCommunity\Core\UtilsCount",_getVendorCache
"OxidEsales\EshopCommunity\Core\UtilsCount",_getManufacturerCache
"OxidEsales\EshopCommunity\Core\UtilsCount",_getUserViewId
"OxidEsales\EshopCommunity\Core\UtilsDate",_setDefaultFormatedValue
"OxidEsales\EshopCommunity\Core\UtilsDate",_defineAndCheckDefaultTimeValues
"OxidEsales\EshopCommunity\Core\UtilsDate",_defineAndCheckDefaultDateValues
"OxidEsales\EshopCommunity\Core\UtilsDate",_defaultDatePattern
"OxidEsales\EshopCommunity\Core\UtilsDate",_defaultTimePattern
"OxidEsales\EshopCommunity\Core\UtilsDate",_regexp2ValidateDateInput
"OxidEsales\EshopCommunity\Core\UtilsDate",_regexp2ValidateTimeInput
"OxidEsales\EshopCommunity\Core\UtilsDate",_defineDateFormattingRules
"OxidEsales\EshopCommunity\Core\UtilsDate",_defineTimeFormattingRules
"OxidEsales\EshopCommunity\Core\UtilsDate",_setDefaultDateTimeValue
"OxidEsales\EshopCommunity\Core\UtilsDate",_setDate
"OxidEsales\EshopCommunity\Core\UtilsDate",_formatCorrectTimeValue
"OxidEsales\EshopCommunity\Core\UtilsDate",_processDate
"OxidEsales\EshopCommunity\Core\UtilsFile",_setNewFilesCounter
"OxidEsales\EshopCommunity\Core\UtilsFile",_prepareImageName
"OxidEsales\EshopCommunity\Core\UtilsFile",_getImagePath
"OxidEsales\EshopCommunity\Core\UtilsFile",_getImageSize
"OxidEsales\EshopCommunity\Core\UtilsFile",_getUniqueFileName
"OxidEsales\EshopCommunity\Core\UtilsPic",_deletePicture
"OxidEsales\EshopCommunity\Core\UtilsPic",_isPicDeletable
"OxidEsales\EshopCommunity\Core\UtilsPic",_resizeGif
"OxidEsales\EshopCommunity\Core\UtilsPic",_resize
"OxidEsales\EshopCommunity\Core\UtilsPic",_copyAlteredImage
"OxidEsales\EshopCommunity\Core\UtilsServer",_mustSaveToSession
"OxidEsales\EshopCommunity\Core\UtilsServer",_getSessionCookieKey
"OxidEsales\EshopCommunity\Core\UtilsServer",_saveSessionCookie
"OxidEsales\EshopCommunity\Core\UtilsServer",_getCookiePath
"OxidEsales\EshopCommunity\Core\UtilsServer",_getCookieDomain
"OxidEsales\EshopCommunity\Core\UtilsServer",_isCurrentUrl
"OxidEsales\EshopCommunity\Core\UtilsUrl",_addHost
"OxidEsales\EshopCommunity\Core\UtilsUrl",_addLanguageHost
"OxidEsales\EshopCommunity\Core\UtilsUrl",_getHosts
"OxidEsales\EshopCommunity\Core\UtilsUrl",_addMallHosts
"OxidEsales\EshopCommunity\Core\UtilsView",_getActiveModuleInfo
"OxidEsales\EshopCommunity\Core\ViewConfig",_getHelpContentIdents
"OxidEsales\EshopCommunity\Core\ViewConfig",_moduleExists
"OxidEsales\EshopCommunity\Core\ViewConfig",_isModuleVersionCorrect
"OxidEsales\EshopCommunity\Core\WidgetControl",_runLast
"OxidEsales\EshopCommunity\Core\WidgetControl",_initializeViewObject
"OxidEsales\EshopCommunity\Setup\Dispatcher",_chooseCurrentAction
"OxidEsales\EshopCommunity\Setup\Session",_startSession
"OxidEsales\EshopCommunity\Setup\Session",_validateSession
"OxidEsales\EshopCommunity\Setup\Session",_getNewSessionID
"OxidEsales\EshopCommunity\Setup\Session",_initSessionData
"OxidEsales\EshopCommunity\Setup\Session",_getSessionData
"OxidEsales\EshopCommunity\Setup\Utilities",_extractPath
"OxidEsales\EshopEnterprise\Application\Component\Service\Element2ShopRelationsService",_getSelectedItem
"OxidEsales\EshopEnterprise\Application\Component\Service\Element2ShopRelationsService",_getObjectClassName
"OxidEsales\EshopEnterprise\Application\Component\Service\Element2ShopRelationsService",_getMallTable
"OxidEsales\EshopEnterprise\Application\Component\Service\Element2ShopRelationsService",_getItemShopId
"OxidEsales\EshopEnterprise\Application\Component\UserComponent",_afterLogin
"OxidEsales\EshopEnterprise\Application\Component\Widget\ArticleDetails",_checkVariantAccessRights
"OxidEsales\EshopEnterprise\Application\Controller\Admin\ActionsList",_prepareWhereQuery
"OxidEsales\EshopEnterprise\Application\Controller\Admin\AdminController",_allowAdminEdit
"OxidEsales\EshopEnterprise\Application\Controller\Admin\AdminController",_resetContentCache
"OxidEsales\EshopEnterprise\Application\Controller\Admin\AdminListController",_getShopObject
"OxidEsales\EshopEnterprise\Application\Controller\Admin\AdminListController",_getShopId
"OxidEsales\EshopEnterprise\Application\Controller\Admin\AdminMall",_getItemAssignedShopIds
"OxidEsales\EshopEnterprise\Application\Controller\Admin\AdminMall",_getMallTable
"OxidEsales\EshopEnterprise\Application\Controller\Admin\AdminMall",_setMallTable
"OxidEsales\EshopEnterprise\Application\Controller\Admin\AdminMall",_getObjectClassName
"OxidEsales\EshopEnterprise\Application\Controller\Admin\AdminMall",_getShopId
"OxidEsales\EshopEnterprise\Application\Controller\Admin\ArticleOverview",_getVariantsWhereField
"OxidEsales\EshopEnterprise\Application\Controller\Admin\ArticleRightsBuyableAjax",_getQuery
"OxidEsales\EshopEnterprise\Application\Controller\Admin\ArticleRightsVisibleAjax",_getQuery
"OxidEsales\EshopEnterprise\Application\Controller\Admin\AttributeCategoryAjax",_resetCache
"OxidEsales\EshopEnterprise\Application\Controller\Admin\CategoryMain",_deleteCatPicture
"OxidEsales\EshopEnterprise\Application\Controller\Admin\CategoryMall",_getSelectedItem
"OxidEsales\EshopEnterprise\Application\Controller\Admin\CategoryRightsBuyableAjax",_getQuery
"OxidEsales\EshopEnterprise\Application\Controller\Admin\CategoryRightsVisibleAjax",_getQuery
"OxidEsales\EshopEnterprise\Application\Controller\Admin\ContentList",_prepareWhereQuery
"OxidEsales\EshopEnterprise\Application\Controller\Admin\ListComponentAjax",_resetContentCache
"OxidEsales\EshopEnterprise\Application\Controller\Admin\ListComponentAjax",_resetCaches
"OxidEsales\EshopEnterprise\Application\Controller\Admin\NavigationTree",_processCachedFile
"OxidEsales\EshopEnterprise\Application\Controller\Admin\OrderList",_prepareWhereQuery
"OxidEsales\EshopEnterprise\Application\Controller\Admin\RolesBackendGroupsAjax",_getQuery
"OxidEsales\EshopEnterprise\Application\Controller\Admin\RolesBackendUserAjax",_getQuery
"OxidEsales\EshopEnterprise\Application\Controller\Admin\RolesFrontendGroupsAjax",_getQuery
"OxidEsales\EshopEnterprise\Application\Controller\Admin\ShopMall",_getChangedMultishopTableValues
"OxidEsales\EshopEnterprise\Application\Controller\Admin\ShopMall",_getMultishopInheritConfigVarName
"OxidEsales\EshopEnterprise\Application\Controller\Admin\UserList",_prepareWhereQuery
"OxidEsales\EshopEnterprise\Application\Controller\Admin\UserList",_buildSelectString
"OxidEsales\EshopEnterprise\Application\Model\AmountPriceList",_loadFromCache
"OxidEsales\EshopEnterprise\Application\Model\AmountPriceList",_getCacheBackend
"OxidEsales\EshopEnterprise\Application\Model\Article",_createMultilanguageVendorObject
"OxidEsales\EshopEnterprise\Application\Model\Article",_selectCategoryIds
"OxidEsales\EshopEnterprise\Application\Model\Article",_saveArtLongDesc
"OxidEsales\EshopEnterprise\Application\Model\Article",_skipSaveFields
"OxidEsales\EshopEnterprise\Application\Model\Article",_setShopValues
"OxidEsales\EshopEnterprise\Application\Model\Article",_insert
"OxidEsales\EshopEnterprise\Application\Model\Article",_update
"OxidEsales\EshopEnterprise\Application\Model\Article",_deleteRecords
"OxidEsales\EshopEnterprise\Application\Model\Article",_getShopVarMinPrice
"OxidEsales\EshopEnterprise\Application\Model\Article",_getShopVarMaxPrice
"OxidEsales\EshopEnterprise\Application\Model\Article",_getSubShopVarMinPrice
"OxidEsales\EshopEnterprise\Application\Model\Article",_getSubShopVarMaxPrice
"OxidEsales\EshopEnterprise\Application\Model\Article",_loadData
"OxidEsales\EshopEnterprise\Application\Model\Article",_getModifiedAmountPrice
"OxidEsales\EshopEnterprise\Application\Model\Article",_createSqlActiveSnippet
"OxidEsales\EshopEnterprise\Application\Model\Article",_calculateVarMinPrice
"OxidEsales\EshopEnterprise\Application\Model\Article",_prepareModifiedPrice
"OxidEsales\EshopEnterprise\Application\Model\Article",_getCacheBackend
"OxidEsales\EshopEnterprise\Application\Model\Article",_loadFromDb
"OxidEsales\EshopEnterprise\Application\Model\Article",_forceCoreTableUsageForSharedBasket
"OxidEsales\EshopEnterprise\Application\Model\Article",_loadFromCache
"OxidEsales\EshopEnterprise\Application\Model\Article",_resetCache
"OxidEsales\EshopEnterprise\Application\Model\Article",_updateParentDependency
"OxidEsales\EshopEnterprise\Application\Model\Article",_updateSelfDependency
"OxidEsales\EshopEnterprise\Application\Model\Article",_updateCategoryDependency
"OxidEsales\EshopEnterprise\Application\Model\Article",_modifyMallPrice
"OxidEsales\EshopEnterprise\Application\Model\Article",_assignAccessRights
"OxidEsales\EshopEnterprise\Application\Model\Article",_getElement2ShopRelations
"OxidEsales\EshopEnterprise\Application\Model\Article",_getField2Shop
"OxidEsales\EshopEnterprise\Application\Model\Category",_getCacheBackend
"OxidEsales\EshopEnterprise\Application\Model\Category",_loadFromCache
"OxidEsales\EshopEnterprise\Application\Model\Category",_updateDependencies
"OxidEsales\EshopEnterprise\Application\Model\Category",_insert
"OxidEsales\EshopEnterprise\Application\Model\Category",_update
"OxidEsales\EshopEnterprise\Application\Model\Category",_getElement2ShopRelations
"OxidEsales\EshopEnterprise\Application\Model\Category",_getInheritanceGroup
"OxidEsales\EshopEnterprise\Application\Model\CategoryList",_getSqlRightsSnippet
"OxidEsales\EshopEnterprise\Application\Model\CategoryList",_getCacheBackend
"OxidEsales\EshopEnterprise\Application\Model\CategoryList",_loadFromCache
"OxidEsales\EshopEnterprise\Application\Model\Content",_getCacheBackend
"OxidEsales\EshopEnterprise\Application\Model\Content",_loadFromCache
"OxidEsales\EshopEnterprise\Application\Model\Content",_updateSelfDependencies
"OxidEsales\EshopEnterprise\Application\Model\Content",_updateContentListDependencies
"OxidEsales\EshopEnterprise\Application\Model\ContentList",_load
"OxidEsales\EshopEnterprise\Application\Model\ContentList",_getCacheBackend
"OxidEsales\EshopEnterprise\Application\Model\ContentList",_loadFromCache
"OxidEsales\EshopEnterprise\Application\Model\ContentList",_updateCategoryTreeDependencies
"OxidEsales\EshopEnterprise\Application\Model\Field2Shop",_getMultiShopFields
"OxidEsales\EshopEnterprise\Application\Model\Groups",_insert
"OxidEsales\EshopEnterprise\Application\Model\Object2Category",_addElement2ShopRelations
"OxidEsales\EshopEnterprise\Application\Model\Object2Category",_getInheritanceGroup
"OxidEsales\EshopEnterprise\Application\Model\Object2Category",_getInheritanceGroupForSuperShop
"OxidEsales\EshopEnterprise\Application\Model\Object2Category",_getProductShopIds
"OxidEsales\EshopEnterprise\Application\Model\Object2Category",_getCategoryShopIds
"OxidEsales\EshopEnterprise\Application\Model\Order",_setUser
"OxidEsales\EshopEnterprise\Application\Model\Rating",_getObjectKey
"OxidEsales\EshopEnterprise\Application\Model\Review",_resetCache
"OxidEsales\EshopEnterprise\Application\Model\Review",_getObjectKey
"OxidEsales\EshopEnterprise\Application\Model\Rights",_loadRights
"OxidEsales\EshopEnterprise\Application\Model\Rights",_checkStatus
"OxidEsales\EshopEnterprise\Application\Model\Rights",_getSessionVariableName
"OxidEsales\EshopEnterprise\Application\Model\Shop",_cleanLangSetTables
"OxidEsales\EshopEnterprise\Application\Model\Shop",_cleanExtLangSetTables
"OxidEsales\EshopEnterprise\Application\Model\Shop",_insert
"OxidEsales\EshopEnterprise\Application\Model\Shop",_getSubShopTree
"OxidEsales\EshopEnterprise\Application\Model\Shop",_getInheritedSubshopIds
"OxidEsales\EshopEnterprise\Application\Model\Shop",_getSubshopIdsByParentId
"OxidEsales\EshopEnterprise\Application\Model\Shop",_isTableInherited
"OxidEsales\EshopEnterprise\Application\Model\Shop",_getViewWhere
"OxidEsales\EshopEnterprise\Application\Model\Shop",_update
"OxidEsales\EshopEnterprise\Application\Model\Shop",_updateMultiShopInheritance
"OxidEsales\EshopEnterprise\Application\Model\Shop",_updateSubShopInheritance
"OxidEsales\EshopEnterprise\Application\Model\Shop",_prepareElement2ShopRelations
"OxidEsales\EshopEnterprise\Application\Model\Shop",_getShopRelations
"OxidEsales\EshopEnterprise\Application\Model\Shop",_removeShopInheritance
"OxidEsales\EshopEnterprise\Application\Model\Shop",_removeElement2ShopRelations
"OxidEsales\EshopEnterprise\Application\Model\ShopRelations",_isSubShopElementInherited
"OxidEsales\EshopEnterprise\Application\Model\ShopRelations",_isMultiShopElementInherited
"OxidEsales\EshopEnterprise\Application\Model\SimpleVariant",_setShopValues
"OxidEsales\EshopEnterprise\Core\AdminRights",_getUserGroupIds
"OxidEsales\EshopEnterprise\Core\AdminRights",_loadConfig
"OxidEsales\EshopEnterprise\Core\Cache\DynamicContent\ContentCache",_getBackend
"OxidEsales\EshopEnterprise\Core\Cache\DynamicContent\ContentCache",_getAllBackends
"OxidEsales\EshopEnterprise\Core\Cache\DynamicContent\ContentCache",_getFirstSuitedBackend
"OxidEsales\EshopEnterprise\Core\Cache\DynamicContent\ContentCache",_processDynContent
"OxidEsales\EshopEnterprise\Core\Cache\DynamicContent\ContentCache",_appendSidPlaceholder
"OxidEsales\EshopEnterprise\Core\Cache\DynamicContent\ContentCache",_cleanSensitiveData
"OxidEsales\EshopEnterprise\Core\Cache\DynamicContent\ContentCache",_addId
"OxidEsales\EshopEnterprise\Core\Cache\DynamicContent\ContentCache",_addHit
"OxidEsales\EshopEnterprise\Core\Cache\DynamicContent\ContentCache",_removeId
"OxidEsales\EshopEnterprise\Core\Cache\Generic\Cache",_setConnector
"OxidEsales\EshopEnterprise\Core\Cache\Generic\Cache",_getConnector
"OxidEsales\EshopEnterprise\Core\Cache\Generic\Cache",_getTTL
"OxidEsales\EshopEnterprise\Core\Cache\Generic\Cache",_registerDefaultConnector
"OxidEsales\EshopEnterprise\Core\Cache\Generic\Cache",_poolFlush
"OxidEsales\EshopEnterprise\Core\Cache\Generic\Cache",_poolSet
"OxidEsales\EshopEnterprise\Core\Cache\Generic\Cache",_poolGet
"OxidEsales\EshopEnterprise\Core\Cache\Generic\Cache",_poolInvalidate
"OxidEsales\EshopEnterprise\Core\Cache\Generic\Connector\FileCacheConnector",_getFilePath
"OxidEsales\EshopEnterprise\Core\Cache\Generic\Connector\FileCacheConnector",_getPath
"OxidEsales\EshopEnterprise\Core\Cache\Generic\Connector\FileCacheConnector",_readFile
"OxidEsales\EshopEnterprise\Core\Cache\Generic\Connector\FileCacheConnector",_deleteFile
"OxidEsales\EshopEnterprise\Core\Cache\Generic\Connector\FileCacheConnector",_writeFile
"OxidEsales\EshopEnterprise\Core\Cache\Generic\Connector\MemcachedCacheConnector",_getParsedServers
"OxidEsales\EshopEnterprise\Core\Element2ShopRelations",_autoExecute
"OxidEsales\EshopEnterprise\Core\Element2ShopRelationsDbGateway",_addSql
"OxidEsales\EshopEnterprise\Core\Element2ShopRelationsDbGateway",_getSqlList
"OxidEsales\EshopEnterprise\Core\Element2ShopRelationsDbGateway",_clearSqlList
"OxidEsales\EshopEnterprise\Core\Element2ShopRelationsSqlGenerator",_getMappingTable
"OxidEsales\EshopEnterprise\Core\Element2ShopRelationsSqlGenerator",_getSqlSnippetGetMapIds
"OxidEsales\EshopEnterprise\Core\Element2ShopRelationsSqlGenerator",_getSqlSnippetJoinItemTable
"OxidEsales\EshopEnterprise\Core\Element2ShopRelationsSqlGenerator",_getSqlForAddToShop
"OxidEsales\EshopEnterprise\Core\Element2ShopRelationsSqlGenerator",_getSqlForAddToShopForObject2Category
"OxidEsales\EshopEnterprise\Core\Element2ShopRelationsSqlGenerator",_getSqlForRemoveFromShop
"OxidEsales\EshopEnterprise\Core\Element2ShopRelationsSqlGenerator",_getSqlForRemoveFromShopForObject2Category
"OxidEsales\EshopEnterprise\Core\Element2ShopRelationsSqlGenerator",_getSqlForInheritFromShop
"OxidEsales\EshopEnterprise\Core\Element2ShopRelationsSqlGenerator",_getSqlForInheritFromShopForObject2Category
"OxidEsales\EshopEnterprise\Core\Element2ShopRelationsSqlGenerator",_getSqlSnippetJoinItemTableForObject2Category
"OxidEsales\EshopEnterprise\Core\Element2ShopRelationsSqlGenerator",_getSqlForRemoveInheritedFromShop
"OxidEsales\EshopEnterprise\Core\Element2ShopRelationsSqlGenerator",_getSqlForRemoveInheritedFromShopForObject2Category
"OxidEsales\EshopEnterprise\Core\Element2ShopRelationsSqlGenerator",_getSqlForGetShopIdsForObject2Category
"OxidEsales\EshopEnterprise\Core\Element2ShopRelationsSqlGenerator",_getSqlForGetShopIdsForMappedTables
"OxidEsales\EshopEnterprise\Core\Element2ShopRelationsSqlGenerator",_getSqlForInheritAllElementsToShop
"OxidEsales\EshopEnterprise\Core\Element2ShopRelationsSqlGenerator",_getSqlForInheritAllElementsToShopForObject2Category
"OxidEsales\EshopEnterprise\Core\Element2ShopRelationsSqlGenerator",_getSqlForRemoveAllElementsFromShop
"OxidEsales\EshopEnterprise\Core\Language",_getLanguageIdsFromDatabase
"OxidEsales\EshopEnterprise\Core\Model\BaseModel",_forceCoreTableUsageForSharedBasket
"OxidEsales\EshopEnterprise\Core\Model\BaseModel",_removeElement2ShopRelations
"OxidEsales\EshopEnterprise\Core\Model\BaseModel",_removeElementFromShop
"OxidEsales\EshopEnterprise\Core\Model\BaseModel",_addSelectedItemToShop
"OxidEsales\EshopEnterprise\Core\Model\BaseModel",_getElement2ShopRelations
"OxidEsales\EshopEnterprise\Core\Model\BaseModel",_resetCache
"OxidEsales\EshopEnterprise\Core\Model\BaseModel",_getObjectViewName
"OxidEsales\EshopEnterprise\Core\Model\BaseModel",_getSqlRightsSnippet
"OxidEsales\EshopEnterprise\Core\Model\BaseModel",_setFieldData
"OxidEsales\EshopEnterprise\Core\Model\BaseModel",_update
"OxidEsales\EshopEnterprise\Core\Model\BaseModel",_insert
"OxidEsales\EshopEnterprise\Core\Model\BaseModel",_addElement2ShopRelations
"OxidEsales\EshopEnterprise\Core\Model\BaseModel",_getInheritanceGroup
"OxidEsales\EshopEnterprise\Core\Model\BaseModel",_addSkippedSaveFieldsForMapping
"OxidEsales\EshopEnterprise\Core\Model\BaseModel",_disableLazyLoadingForCaching
"OxidEsales\EshopEnterprise\Core\Model\MultiLanguageModel",_getObjectViewName
"OxidEsales\EshopEnterprise\Core\Serial",_isCorrectMandateAmount
"OxidEsales\EshopEnterprise\Core\ShopControl",_render
"OxidEsales\EshopEnterprise\Core\ShopControl",_getCacheManager
"OxidEsales\EshopEnterprise\Core\ShopControl",_handleBaseException
"OxidEsales\EshopEnterprise\Core\ShopControl",_handleAccessRightsException
"OxidEsales\EshopEnterprise\Core\UtilsUrl",_addMallHosts
"OxidEsales\EshopProfessional\Application\Model\User",_isDemoShop
"OxidEsales\EshopProfessional\Core\Serial",_hasModule
"OxidEsales\EshopProfessional\Core\Serial",_getChecksum
"OxidEsales\EshopProfessional\Core\Serial",_mangleSerial
"OxidEsales\EshopProfessional\Core\Serial",_unmangleSerial
"OxidEsales\EshopProfessional\Core\Serial",_getBlankSerial
"OxidEsales\EshopProfessional\Core\Serial",_charShift
"OxidEsales\EshopProfessional\Core\Serial",_hashName
"OxidEsales\EshopProfessional\Core\Serial",_daysLeftTillGraceExpires
"OxidEsales\EshopProfessional\Core\Serial",_startGracePeriod
"OxidEsales\EshopProfessional\Core\Serial",_removeGracePeriod
"OxidEsales\EshopProfessional\Core\Serial",_isBetaShopValid
"OxidEsales\EshopProfessional\Core\Serial",_isShopLicensed
"OxidEsales\EshopProfessional\Core\Serial",_isSerialExpired
"OxidEsales\EshopProfessional\Core\Serial",_isCorrectMandateAmount
"OxidEsales\EshopProfessional\Core\Serial",_isBetaShopVersion
"OxidEsales\EshopProfessional\Core\Serial",_setCheckSerialEachCall
"OxidEsales\EshopProfessional\Core\Serial",_getConfigValueFromDB
"OxidEsales\EshopProfessional\Core\Serial",_needSendExpirationEmailLastTime
